ISO-10303-21;
HEADER;
/* Generated by software containing ST-Developer
 * from STEP Tools, Inc. (www.steptools.com) 
 */

FILE_DESCRIPTION(
/* description */ (''),
/* implementation_level */ '2;1');

FILE_NAME(
/* name */ 'TFmini-S.step',
/* time_stamp */ '2025-05-07T14:31:10+04:00',
/* author */ (''),
/* organization */ (''),
/* preprocessor_version */ 'ST-DEVELOPER v20.1',
/* originating_system */ 'Autodesk Translation Framework v14.4.0.0',
/* authorisation */ '');

FILE_SCHEMA (('AUTOMOTIVE_DESIGN { 1 0 10303 214 3 1 1 }'));
ENDSEC;

DATA;
#10=MECHANICAL_DESIGN_GEOMETRIC_PRESENTATION_REPRESENTATION('',(#15,#16,
#17,#18,#19),#4653);
#11=SHAPE_REPRESENTATION_RELATIONSHIP('SRR','None',#4660,#12);
#12=ADVANCED_BREP_SHAPE_REPRESENTATION('',(#20,#21,#22,#23,#24),#4652);
#13=(
BOUNDED_SURFACE()
B_SPLINE_SURFACE(2,2,((#4465,#4466,#4467,#4468,#4469,#4470,#4471,#4472,
#4473),(#4474,#4475,#4476,#4477,#4478,#4479,#4480,#4481,#4482),(#4483,#4484,
#4485,#4486,#4487,#4488,#4489,#4490,#4491)),.UNSPECIFIED.,.F.,.T.,.F.)
B_SPLINE_SURFACE_WITH_KNOTS((3,3),(3,2,2,2,3),(-1.5707963267949,0.),(0.,
1.5707963267949,3.14159265358979,4.71238898038469,6.28318530717959),
 .UNSPECIFIED.)
GEOMETRIC_REPRESENTATION_ITEM()
RATIONAL_B_SPLINE_SURFACE(((1.,0.707106781186548,1.,0.707106781186548,1.,
0.707106781186548,1.,0.707106781186548,1.),(0.707106781186549,0.500000000000001,
0.707106781186549,0.500000000000001,0.707106781186549,0.500000000000001,
0.707106781186549,0.500000000000001,0.707106781186549),(1.,0.707106781186548,
1.,0.707106781186548,1.,0.707106781186548,1.,0.707106781186548,1.)))
REPRESENTATION_ITEM('')
SURFACE()
);
#14=(
BOUNDED_SURFACE()
B_SPLINE_SURFACE(2,2,((#4497,#4498,#4499,#4500,#4501,#4502,#4503,#4504,
#4505),(#4506,#4507,#4508,#4509,#4510,#4511,#4512,#4513,#4514),(#4515,#4516,
#4517,#4518,#4519,#4520,#4521,#4522,#4523)),.UNSPECIFIED.,.F.,.T.,.F.)
B_SPLINE_SURFACE_WITH_KNOTS((3,3),(3,2,2,2,3),(-1.5707963267949,-6.2450045135165E-18),
(0.,1.5707963267949,3.14159265358979,4.71238898038469,6.28318530717959),
 .UNSPECIFIED.)
GEOMETRIC_REPRESENTATION_ITEM()
RATIONAL_B_SPLINE_SURFACE(((1.,0.707106781186548,1.,0.707106781186548,1.,
0.707106781186548,1.,0.707106781186548,1.),(0.707106781186549,0.500000000000001,
0.707106781186549,0.500000000000001,0.707106781186549,0.500000000000001,
0.707106781186549,0.500000000000001,0.707106781186549),(1.,0.707106781186548,
1.,0.707106781186548,1.,0.707106781186548,1.,0.707106781186548,1.)))
REPRESENTATION_ITEM('')
SURFACE()
);
#15=STYLED_ITEM('',(#4670),#20);
#16=STYLED_ITEM('',(#4671),#21);
#17=STYLED_ITEM('',(#4672),#22);
#18=STYLED_ITEM('',(#4672),#23);
#19=STYLED_ITEM('',(#4673),#24);
#20=MANIFOLD_SOLID_BREP('Shell',#2323);
#21=MANIFOLD_SOLID_BREP('PCB',#2324);
#22=MANIFOLD_SOLID_BREP('Lens',#2325);
#23=MANIFOLD_SOLID_BREP('Lens (1)',#2326);
#24=MANIFOLD_SOLID_BREP('Body8',#2327);
#25=B_SPLINE_SURFACE_WITH_KNOTS('',3,3,((#3514,#3515,#3516,#3517),(#3518,
#3519,#3520,#3521),(#3522,#3523,#3524,#3525),(#3526,#3527,#3528,#3529)),
 .UNSPECIFIED.,.F.,.F.,.F.,(4,4),(4,4),(0.133213118860686,0.656738755723015),
(0.751099220588512,0.784789175811837),.UNSPECIFIED.);
#26=B_SPLINE_SURFACE_WITH_KNOTS('',3,3,((#3543,#3544,#3545,#3546),(#3547,
#3548,#3549,#3550),(#3551,#3552,#3553,#3554),(#3555,#3556,#3557,#3558)),
 .UNSPECIFIED.,.F.,.F.,.F.,(4,4),(4,4),(0.133213118860688,0.656738755723014),
(-0.784789175811835,-0.751099220588511),.UNSPECIFIED.);
#27=B_SPLINE_SURFACE_WITH_KNOTS('',3,3,((#3572,#3573,#3574,#3575),(#3576,
#3577,#3578,#3579),(#3580,#3581,#3582,#3583),(#3584,#3585,#3586,#3587)),
 .UNSPECIFIED.,.F.,.F.,.F.,(4,4),(4,4),(0.133213118860687,0.656738755723014),
(-0.78478917581183,-0.75109922058851),.UNSPECIFIED.);
#28=B_SPLINE_SURFACE_WITH_KNOTS('',3,3,((#3601,#3602,#3603,#3604,#3605),
(#3606,#3607,#3608,#3609,#3610),(#3611,#3612,#3613,#3614,#3615),(#3616,
#3617,#3618,#3619,#3620)),.UNSPECIFIED.,.F.,.F.,.F.,(4,4),(4,1,4),(0.131541316803592,
0.662864561498121),(-0.751099220588511,-0.1072998886555,0.751099220588513),
 .UNSPECIFIED.);
#29=B_SPLINE_SURFACE_WITH_KNOTS('',3,3,((#3658,#3659,#3660,#3661),(#3662,
#3663,#3664,#3665),(#3666,#3667,#3668,#3669),(#3670,#3671,#3672,#3673)),
 .UNSPECIFIED.,.F.,.F.,.F.,(4,4),(4,4),(0.133213118860688,0.656738755723014),
(0.751099220588507,0.784789175811835),.UNSPECIFIED.);
#30=B_SPLINE_SURFACE_WITH_KNOTS('',3,3,((#3687,#3688,#3689,#3690),(#3691,
#3692,#3693,#3694),(#3695,#3696,#3697,#3698),(#3699,#3700,#3701,#3702)),
 .UNSPECIFIED.,.F.,.F.,.F.,(4,4),(4,4),(0.133213118860688,0.656738755723015),
(0.751099220588509,0.784789175811835),.UNSPECIFIED.);
#31=B_SPLINE_SURFACE_WITH_KNOTS('',3,3,((#3718,#3719,#3720,#3721),(#3722,
#3723,#3724,#3725),(#3726,#3727,#3728,#3729),(#3730,#3731,#3732,#3733)),
 .UNSPECIFIED.,.F.,.F.,.F.,(4,4),(4,4),(0.133213118860687,0.656738755723014),
(-0.784789175811832,-0.75109922058851),.UNSPECIFIED.);
#32=B_SPLINE_SURFACE_WITH_KNOTS('',3,3,((#3747,#3748,#3749,#3750),(#3751,
#3752,#3753,#3754),(#3755,#3756,#3757,#3758),(#3759,#3760,#3761,#3762)),
 .UNSPECIFIED.,.F.,.F.,.F.,(4,4),(4,4),(0.133213118860688,0.656738755723014),
(-0.784789175811835,-0.751099220588511),.UNSPECIFIED.);
#33=B_SPLINE_SURFACE_WITH_KNOTS('',3,3,((#3776,#3777,#3778,#3779,#3780),
(#3781,#3782,#3783,#3784,#3785),(#3786,#3787,#3788,#3789,#3790),(#3791,
#3792,#3793,#3794,#3795)),.UNSPECIFIED.,.F.,.F.,.F.,(4,4),(4,1,4),(0.13154131680359,
0.662864561498121),(-0.751099220588513,0.107299888655501,0.751099220588511),
 .UNSPECIFIED.);
#34=B_SPLINE_SURFACE_WITH_KNOTS('',3,3,((#3833,#3834,#3835,#3836),(#3837,
#3838,#3839,#3840),(#3841,#3842,#3843,#3844),(#3845,#3846,#3847,#3848)),
 .UNSPECIFIED.,.F.,.F.,.F.,(4,4),(4,4),(0.133213118860686,0.656738755723014),
(0.751099220588512,0.784789175811837),.UNSPECIFIED.);
#35=B_SPLINE_SURFACE_WITH_KNOTS('',3,3,((#3864,#3865,#3866,#3867,#3868),
(#3869,#3870,#3871,#3872,#3873),(#3874,#3875,#3876,#3877,#3878),(#3879,
#3880,#3881,#3882,#3883)),.UNSPECIFIED.,.F.,.F.,.F.,(4,4),(4,1,4),(0.131541316803592,
0.66286456149812),(-0.751099220588511,-0.107299888655501,0.751099220588513),
 .UNSPECIFIED.);
#36=B_SPLINE_SURFACE_WITH_KNOTS('',3,3,((#3923,#3924,#3925,#3926,#3927),
(#3928,#3929,#3930,#3931,#3932),(#3933,#3934,#3935,#3936,#3937),(#3938,
#3939,#3940,#3941,#3942)),.UNSPECIFIED.,.F.,.F.,.F.,(4,4),(4,1,4),(0.131541316803593,
0.66286456149812),(-0.751099220588513,0.1072998886555,0.751099220588509),
 .UNSPECIFIED.);
#37=B_SPLINE_SURFACE_WITH_KNOTS('',3,3,((#4111,#4112,#4113,#4114),(#4115,
#4116,#4117,#4118),(#4119,#4120,#4121,#4122),(#4123,#4124,#4125,#4126)),
 .UNSPECIFIED.,.F.,.F.,.F.,(4,4),(4,4),(0.,1.),(0.751099220588512,0.784789175811837),
 .UNSPECIFIED.);
#38=B_SPLINE_SURFACE_WITH_KNOTS('',3,3,((#4135,#4136,#4137,#4138),(#4139,
#4140,#4141,#4142),(#4143,#4144,#4145,#4146),(#4147,#4148,#4149,#4150)),
 .UNSPECIFIED.,.F.,.F.,.F.,(4,4),(4,4),(0.,1.),(-0.784789175811835,-0.751099220588511),
 .UNSPECIFIED.);
#39=B_SPLINE_SURFACE_WITH_KNOTS('',3,3,((#4159,#4160,#4161,#4162),(#4163,
#4164,#4165,#4166),(#4167,#4168,#4169,#4170),(#4171,#4172,#4173,#4174)),
 .UNSPECIFIED.,.F.,.F.,.F.,(4,4),(4,4),(0.,1.),(-0.78478917581183,-0.75109922058851),
 .UNSPECIFIED.);
#40=B_SPLINE_SURFACE_WITH_KNOTS('',3,3,((#4183,#4184,#4185,#4186,#4187),
(#4188,#4189,#4190,#4191,#4192),(#4193,#4194,#4195,#4196,#4197),(#4198,
#4199,#4200,#4201,#4202)),.UNSPECIFIED.,.F.,.F.,.F.,(4,4),(4,1,4),(0.,1.),
(-0.751099220588511,-0.1072998886555,0.751099220588513),.UNSPECIFIED.);
#41=B_SPLINE_SURFACE_WITH_KNOTS('',3,3,((#4208,#4209,#4210,#4211),(#4212,
#4213,#4214,#4215),(#4216,#4217,#4218,#4219),(#4220,#4221,#4222,#4223)),
 .UNSPECIFIED.,.F.,.F.,.F.,(4,4),(4,4),(0.,1.),(0.751099220588507,0.784789175811835),
 .UNSPECIFIED.);
#42=B_SPLINE_SURFACE_WITH_KNOTS('',3,3,((#4232,#4233,#4234,#4235),(#4236,
#4237,#4238,#4239),(#4240,#4241,#4242,#4243),(#4244,#4245,#4246,#4247)),
 .UNSPECIFIED.,.F.,.F.,.F.,(4,4),(4,4),(0.,1.),(0.751099220588509,0.784789175811835),
 .UNSPECIFIED.);
#43=B_SPLINE_SURFACE_WITH_KNOTS('',3,3,((#4258,#4259,#4260,#4261),(#4262,
#4263,#4264,#4265),(#4266,#4267,#4268,#4269),(#4270,#4271,#4272,#4273)),
 .UNSPECIFIED.,.F.,.F.,.F.,(4,4),(4,4),(0.,1.),(-0.784789175811832,-0.75109922058851),
 .UNSPECIFIED.);
#44=B_SPLINE_SURFACE_WITH_KNOTS('',3,3,((#4282,#4283,#4284,#4285),(#4286,
#4287,#4288,#4289),(#4290,#4291,#4292,#4293),(#4294,#4295,#4296,#4297)),
 .UNSPECIFIED.,.F.,.F.,.F.,(4,4),(4,4),(0.,1.),(-0.784789175811835,-0.751099220588511),
 .UNSPECIFIED.);
#45=B_SPLINE_SURFACE_WITH_KNOTS('',3,3,((#4306,#4307,#4308,#4309,#4310),
(#4311,#4312,#4313,#4314,#4315),(#4316,#4317,#4318,#4319,#4320),(#4321,
#4322,#4323,#4324,#4325)),.UNSPECIFIED.,.F.,.F.,.F.,(4,4),(4,1,4),(0.,1.),
(-0.751099220588513,0.107299888655501,0.751099220588511),.UNSPECIFIED.);
#46=B_SPLINE_SURFACE_WITH_KNOTS('',3,3,((#4331,#4332,#4333,#4334),(#4335,
#4336,#4337,#4338),(#4339,#4340,#4341,#4342),(#4343,#4344,#4345,#4346)),
 .UNSPECIFIED.,.F.,.F.,.F.,(4,4),(4,4),(0.,1.),(0.751099220588512,0.784789175811837),
 .UNSPECIFIED.);
#47=B_SPLINE_SURFACE_WITH_KNOTS('',3,3,((#4357,#4358,#4359,#4360,#4361),
(#4362,#4363,#4364,#4365,#4366),(#4367,#4368,#4369,#4370,#4371),(#4372,
#4373,#4374,#4375,#4376)),.UNSPECIFIED.,.F.,.F.,.F.,(4,4),(4,1,4),(0.,1.),
(-0.751099220588511,-0.107299888655501,0.751099220588513),.UNSPECIFIED.);
#48=B_SPLINE_SURFACE_WITH_KNOTS('',3,3,((#4384,#4385,#4386,#4387,#4388),
(#4389,#4390,#4391,#4392,#4393),(#4394,#4395,#4396,#4397,#4398),(#4399,
#4400,#4401,#4402,#4403)),.UNSPECIFIED.,.F.,.F.,.F.,(4,4),(4,1,4),(0.,1.),
(-0.751099220588513,0.1072998886555,0.751099220588509),.UNSPECIFIED.);
#49=CONICAL_SURFACE('',#2384,4.4,0.0349065850398866);
#50=CONICAL_SURFACE('',#2386,5.2,0.0349065850398866);
#51=CONICAL_SURFACE('',#2389,3.9,0.0349065850398866);
#52=CONICAL_SURFACE('',#2391,4.7,0.0349065850398866);
#53=(
BOUNDED_CURVE()
B_SPLINE_CURVE(2,(#3252,#3253,#3254),.UNSPECIFIED.,.F.,.F.)
B_SPLINE_CURVE_WITH_KNOTS((3,3),(0.,0.500774101622087),.UNSPECIFIED.)
CURVE()
GEOMETRIC_REPRESENTATION_ITEM()
RATIONAL_B_SPLINE_CURVE((1.,1.,1.))
REPRESENTATION_ITEM('')
);
#54=(
BOUNDED_CURVE()
B_SPLINE_CURVE(2,(#3257,#3258,#3259),.UNSPECIFIED.,.F.,.F.)
B_SPLINE_CURVE_WITH_KNOTS((3,3),(0.,0.500797525062736),.UNSPECIFIED.)
CURVE()
GEOMETRIC_REPRESENTATION_ITEM()
RATIONAL_B_SPLINE_CURVE((1.,1.,1.))
REPRESENTATION_ITEM('')
);
#55=(
BOUNDED_CURVE()
B_SPLINE_CURVE(2,(#3265,#3266,#3267),.UNSPECIFIED.,.F.,.F.)
B_SPLINE_CURVE_WITH_KNOTS((3,3),(0.,0.500797525062736),.UNSPECIFIED.)
CURVE()
GEOMETRIC_REPRESENTATION_ITEM()
RATIONAL_B_SPLINE_CURVE((1.,1.,1.))
REPRESENTATION_ITEM('')
);
#56=(
BOUNDED_CURVE()
B_SPLINE_CURVE(2,(#3270,#3271,#3272),.UNSPECIFIED.,.F.,.F.)
B_SPLINE_CURVE_WITH_KNOTS((3,3),(0.,0.500774101622087),.UNSPECIFIED.)
CURVE()
GEOMETRIC_REPRESENTATION_ITEM()
RATIONAL_B_SPLINE_CURVE((1.,1.,1.))
REPRESENTATION_ITEM('')
);
#57=CYLINDRICAL_SURFACE('',#2364,0.75);
#58=CYLINDRICAL_SURFACE('',#2367,0.75);
#59=CYLINDRICAL_SURFACE('',#2370,0.75);
#60=CYLINDRICAL_SURFACE('',#2373,0.75);
#61=CYLINDRICAL_SURFACE('',#2376,4.4);
#62=CYLINDRICAL_SURFACE('',#2379,3.9);
#63=CYLINDRICAL_SURFACE('',#2395,3.);
#64=CYLINDRICAL_SURFACE('',#2401,2.99999999999992);
#65=CYLINDRICAL_SURFACE('',#2409,0.7);
#66=CYLINDRICAL_SURFACE('',#2410,0.7);
#67=CYLINDRICAL_SURFACE('',#2411,0.7);
#68=CYLINDRICAL_SURFACE('',#2413,0.7);
#69=CYLINDRICAL_SURFACE('',#2420,3.);
#70=CYLINDRICAL_SURFACE('',#2422,1.175);
#71=CYLINDRICAL_SURFACE('',#2427,3.);
#72=CYLINDRICAL_SURFACE('',#2430,1.175);
#73=CYLINDRICAL_SURFACE('',#2434,2.);
#74=CYLINDRICAL_SURFACE('',#2436,2.);
#75=CYLINDRICAL_SURFACE('',#2437,2.);
#76=CYLINDRICAL_SURFACE('',#2439,2.);
#77=CYLINDRICAL_SURFACE('',#2446,1.);
#78=CYLINDRICAL_SURFACE('',#2449,1.);
#79=CYLINDRICAL_SURFACE('',#2452,1.);
#80=CYLINDRICAL_SURFACE('',#2455,1.);
#81=FACE_BOUND('',#282,.T.);
#82=FACE_BOUND('',#283,.T.);
#83=FACE_BOUND('',#297,.T.);
#84=FACE_BOUND('',#298,.T.);
#85=FACE_BOUND('',#331,.T.);
#86=FACE_BOUND('',#332,.T.);
#87=FACE_BOUND('',#333,.T.);
#88=FACE_BOUND('',#334,.T.);
#89=FACE_BOUND('',#335,.T.);
#90=FACE_BOUND('',#336,.T.);
#91=FACE_BOUND('',#342,.T.);
#92=FACE_BOUND('',#349,.T.);
#93=FACE_BOUND('',#374,.T.);
#94=FACE_BOUND('',#375,.T.);
#95=FACE_BOUND('',#376,.T.);
#96=FACE_BOUND('',#377,.T.);
#97=FACE_BOUND('',#378,.T.);
#98=FACE_BOUND('',#388,.T.);
#99=FACE_BOUND('',#389,.T.);
#100=FACE_BOUND('',#390,.T.);
#101=FACE_BOUND('',#391,.T.);
#102=FACE_BOUND('',#393,.T.);
#103=FACE_BOUND('',#394,.T.);
#104=FACE_BOUND('',#395,.T.);
#105=FACE_BOUND('',#396,.T.);
#106=FACE_BOUND('',#424,.T.);
#107=FACE_BOUND('',#425,.T.);
#108=CIRCLE('',#2351,2.99999999999992);
#109=CIRCLE('',#2354,3.);
#110=CIRCLE('',#2357,3.);
#111=CIRCLE('',#2360,3.);
#112=CIRCLE('',#2362,1.175);
#113=CIRCLE('',#2363,1.175);
#114=CIRCLE('',#2365,0.75);
#115=CIRCLE('',#2366,0.75);
#116=CIRCLE('',#2368,0.75);
#117=CIRCLE('',#2369,0.75);
#118=CIRCLE('',#2371,0.75);
#119=CIRCLE('',#2372,0.75);
#120=CIRCLE('',#2374,0.75);
#121=CIRCLE('',#2375,0.75);
#122=CIRCLE('',#2377,4.4);
#123=CIRCLE('',#2378,4.4);
#124=CIRCLE('',#2380,3.9);
#125=CIRCLE('',#2381,3.9);
#126=CIRCLE('',#2385,4.57460384745874);
#127=CIRCLE('',#2387,5.2);
#128=CIRCLE('',#2388,5.02539615254126);
#129=CIRCLE('',#2390,4.07460384745874);
#130=CIRCLE('',#2392,4.52539615254126);
#131=CIRCLE('',#2393,4.7);
#132=CIRCLE('',#2396,3.);
#133=CIRCLE('',#2397,3.);
#134=CIRCLE('',#2402,2.99999999999992);
#135=CIRCLE('',#2403,2.99999999999992);
#136=CIRCLE('',#2421,3.);
#137=CIRCLE('',#2423,1.175);
#138=CIRCLE('',#2428,3.);
#139=CIRCLE('',#2431,1.175);
#140=CIRCLE('',#2447,1.);
#141=CIRCLE('',#2448,1.);
#142=CIRCLE('',#2450,1.);
#143=CIRCLE('',#2451,1.);
#144=CIRCLE('',#2453,1.);
#145=CIRCLE('',#2454,1.);
#146=CIRCLE('',#2456,1.);
#147=CIRCLE('',#2457,1.);
#148=CIRCLE('',#2465,3.9);
#149=CIRCLE('',#2468,4.5);
#150=FACE_OUTER_BOUND('',#275,.T.);
#151=FACE_OUTER_BOUND('',#276,.T.);
#152=FACE_OUTER_BOUND('',#277,.T.);
#153=FACE_OUTER_BOUND('',#278,.T.);
#154=FACE_OUTER_BOUND('',#279,.T.);
#155=FACE_OUTER_BOUND('',#280,.T.);
#156=FACE_OUTER_BOUND('',#281,.T.);
#157=FACE_OUTER_BOUND('',#284,.T.);
#158=FACE_OUTER_BOUND('',#285,.T.);
#159=FACE_OUTER_BOUND('',#286,.T.);
#160=FACE_OUTER_BOUND('',#287,.T.);
#161=FACE_OUTER_BOUND('',#288,.T.);
#162=FACE_OUTER_BOUND('',#289,.T.);
#163=FACE_OUTER_BOUND('',#290,.T.);
#164=FACE_OUTER_BOUND('',#291,.T.);
#165=FACE_OUTER_BOUND('',#292,.T.);
#166=FACE_OUTER_BOUND('',#293,.T.);
#167=FACE_OUTER_BOUND('',#294,.T.);
#168=FACE_OUTER_BOUND('',#295,.T.);
#169=FACE_OUTER_BOUND('',#296,.T.);
#170=FACE_OUTER_BOUND('',#299,.T.);
#171=FACE_OUTER_BOUND('',#300,.T.);
#172=FACE_OUTER_BOUND('',#301,.T.);
#173=FACE_OUTER_BOUND('',#302,.T.);
#174=FACE_OUTER_BOUND('',#303,.T.);
#175=FACE_OUTER_BOUND('',#304,.T.);
#176=FACE_OUTER_BOUND('',#305,.T.);
#177=FACE_OUTER_BOUND('',#306,.T.);
#178=FACE_OUTER_BOUND('',#307,.T.);
#179=FACE_OUTER_BOUND('',#308,.T.);
#180=FACE_OUTER_BOUND('',#309,.T.);
#181=FACE_OUTER_BOUND('',#310,.T.);
#182=FACE_OUTER_BOUND('',#311,.T.);
#183=FACE_OUTER_BOUND('',#312,.T.);
#184=FACE_OUTER_BOUND('',#313,.T.);
#185=FACE_OUTER_BOUND('',#314,.T.);
#186=FACE_OUTER_BOUND('',#315,.T.);
#187=FACE_OUTER_BOUND('',#316,.T.);
#188=FACE_OUTER_BOUND('',#317,.T.);
#189=FACE_OUTER_BOUND('',#318,.T.);
#190=FACE_OUTER_BOUND('',#319,.T.);
#191=FACE_OUTER_BOUND('',#320,.T.);
#192=FACE_OUTER_BOUND('',#321,.T.);
#193=FACE_OUTER_BOUND('',#322,.T.);
#194=FACE_OUTER_BOUND('',#323,.T.);
#195=FACE_OUTER_BOUND('',#324,.T.);
#196=FACE_OUTER_BOUND('',#325,.T.);
#197=FACE_OUTER_BOUND('',#326,.T.);
#198=FACE_OUTER_BOUND('',#327,.T.);
#199=FACE_OUTER_BOUND('',#328,.T.);
#200=FACE_OUTER_BOUND('',#329,.T.);
#201=FACE_OUTER_BOUND('',#330,.T.);
#202=FACE_OUTER_BOUND('',#337,.T.);
#203=FACE_OUTER_BOUND('',#338,.T.);
#204=FACE_OUTER_BOUND('',#339,.T.);
#205=FACE_OUTER_BOUND('',#340,.T.);
#206=FACE_OUTER_BOUND('',#341,.T.);
#207=FACE_OUTER_BOUND('',#343,.T.);
#208=FACE_OUTER_BOUND('',#344,.T.);
#209=FACE_OUTER_BOUND('',#345,.T.);
#210=FACE_OUTER_BOUND('',#346,.T.);
#211=FACE_OUTER_BOUND('',#347,.T.);
#212=FACE_OUTER_BOUND('',#348,.T.);
#213=FACE_OUTER_BOUND('',#350,.T.);
#214=FACE_OUTER_BOUND('',#351,.T.);
#215=FACE_OUTER_BOUND('',#352,.T.);
#216=FACE_OUTER_BOUND('',#353,.T.);
#217=FACE_OUTER_BOUND('',#354,.T.);
#218=FACE_OUTER_BOUND('',#355,.T.);
#219=FACE_OUTER_BOUND('',#356,.T.);
#220=FACE_OUTER_BOUND('',#357,.T.);
#221=FACE_OUTER_BOUND('',#358,.T.);
#222=FACE_OUTER_BOUND('',#359,.T.);
#223=FACE_OUTER_BOUND('',#360,.T.);
#224=FACE_OUTER_BOUND('',#361,.T.);
#225=FACE_OUTER_BOUND('',#362,.T.);
#226=FACE_OUTER_BOUND('',#363,.T.);
#227=FACE_OUTER_BOUND('',#364,.T.);
#228=FACE_OUTER_BOUND('',#365,.T.);
#229=FACE_OUTER_BOUND('',#366,.T.);
#230=FACE_OUTER_BOUND('',#367,.T.);
#231=FACE_OUTER_BOUND('',#368,.T.);
#232=FACE_OUTER_BOUND('',#369,.T.);
#233=FACE_OUTER_BOUND('',#370,.T.);
#234=FACE_OUTER_BOUND('',#371,.T.);
#235=FACE_OUTER_BOUND('',#372,.T.);
#236=FACE_OUTER_BOUND('',#373,.T.);
#237=FACE_OUTER_BOUND('',#379,.T.);
#238=FACE_OUTER_BOUND('',#380,.T.);
#239=FACE_OUTER_BOUND('',#381,.T.);
#240=FACE_OUTER_BOUND('',#382,.T.);
#241=FACE_OUTER_BOUND('',#383,.T.);
#242=FACE_OUTER_BOUND('',#384,.T.);
#243=FACE_OUTER_BOUND('',#385,.T.);
#244=FACE_OUTER_BOUND('',#386,.T.);
#245=FACE_OUTER_BOUND('',#387,.T.);
#246=FACE_OUTER_BOUND('',#392,.T.);
#247=FACE_OUTER_BOUND('',#397,.T.);
#248=FACE_OUTER_BOUND('',#398,.T.);
#249=FACE_OUTER_BOUND('',#399,.T.);
#250=FACE_OUTER_BOUND('',#400,.T.);
#251=FACE_OUTER_BOUND('',#401,.T.);
#252=FACE_OUTER_BOUND('',#402,.T.);
#253=FACE_OUTER_BOUND('',#403,.T.);
#254=FACE_OUTER_BOUND('',#404,.T.);
#255=FACE_OUTER_BOUND('',#405,.T.);
#256=FACE_OUTER_BOUND('',#406,.T.);
#257=FACE_OUTER_BOUND('',#407,.T.);
#258=FACE_OUTER_BOUND('',#408,.T.);
#259=FACE_OUTER_BOUND('',#409,.T.);
#260=FACE_OUTER_BOUND('',#410,.T.);
#261=FACE_OUTER_BOUND('',#411,.T.);
#262=FACE_OUTER_BOUND('',#412,.T.);
#263=FACE_OUTER_BOUND('',#413,.T.);
#264=FACE_OUTER_BOUND('',#414,.T.);
#265=FACE_OUTER_BOUND('',#415,.T.);
#266=FACE_OUTER_BOUND('',#416,.T.);
#267=FACE_OUTER_BOUND('',#417,.T.);
#268=FACE_OUTER_BOUND('',#418,.T.);
#269=FACE_OUTER_BOUND('',#419,.T.);
#270=FACE_OUTER_BOUND('',#420,.T.);
#271=FACE_OUTER_BOUND('',#421,.T.);
#272=FACE_OUTER_BOUND('',#422,.T.);
#273=FACE_OUTER_BOUND('',#423,.T.);
#274=FACE_OUTER_BOUND('',#426,.T.);
#275=EDGE_LOOP('',(#1467,#1468,#1469,#1470,#1471,#1472,#1473,#1474,#1475,
#1476,#1477,#1478,#1479,#1480));
#276=EDGE_LOOP('',(#1481,#1482,#1483,#1484,#1485,#1486,#1487,#1488,#1489,
#1490,#1491,#1492,#1493,#1494));
#277=EDGE_LOOP('',(#1495,#1496,#1497,#1498));
#278=EDGE_LOOP('',(#1499,#1500,#1501,#1502));
#279=EDGE_LOOP('',(#1503,#1504,#1505,#1506));
#280=EDGE_LOOP('',(#1507,#1508,#1509,#1510,#1511,#1512,#1513,#1514,#1515,
#1516,#1517,#1518));
#281=EDGE_LOOP('',(#1519,#1520,#1521,#1522,#1523,#1524,#1525,#1526,#1527,
#1528,#1529,#1530,#1531,#1532,#1533,#1534,#1535,#1536,#1537,#1538,#1539,
#1540,#1541,#1542,#1543,#1544,#1545,#1546,#1547,#1548,#1549,#1550,#1551,
#1552,#1553,#1554));
#282=EDGE_LOOP('',(#1555));
#283=EDGE_LOOP('',(#1556));
#284=EDGE_LOOP('',(#1557,#1558,#1559,#1560));
#285=EDGE_LOOP('',(#1561,#1562,#1563,#1564));
#286=EDGE_LOOP('',(#1565,#1566,#1567,#1568));
#287=EDGE_LOOP('',(#1569,#1570,#1571,#1572));
#288=EDGE_LOOP('',(#1573,#1574,#1575,#1576));
#289=EDGE_LOOP('',(#1577,#1578,#1579,#1580));
#290=EDGE_LOOP('',(#1581,#1582,#1583,#1584));
#291=EDGE_LOOP('',(#1585,#1586,#1587,#1588));
#292=EDGE_LOOP('',(#1589,#1590,#1591,#1592));
#293=EDGE_LOOP('',(#1593,#1594,#1595,#1596));
#294=EDGE_LOOP('',(#1597,#1598,#1599,#1600));
#295=EDGE_LOOP('',(#1601,#1602,#1603,#1604));
#296=EDGE_LOOP('',(#1605,#1606,#1607,#1608));
#297=EDGE_LOOP('',(#1609));
#298=EDGE_LOOP('',(#1610));
#299=EDGE_LOOP('',(#1611,#1612,#1613,#1614,#1615,#1616));
#300=EDGE_LOOP('',(#1617,#1618,#1619));
#301=EDGE_LOOP('',(#1620,#1621,#1622));
#302=EDGE_LOOP('',(#1623,#1624,#1625,#1626));
#303=EDGE_LOOP('',(#1627,#1628,#1629,#1630,#1631,#1632));
#304=EDGE_LOOP('',(#1633,#1634,#1635));
#305=EDGE_LOOP('',(#1636,#1637,#1638));
#306=EDGE_LOOP('',(#1639,#1640,#1641,#1642));
#307=EDGE_LOOP('',(#1643,#1644,#1645,#1646));
#308=EDGE_LOOP('',(#1647,#1648,#1649,#1650));
#309=EDGE_LOOP('',(#1651,#1652,#1653,#1654));
#310=EDGE_LOOP('',(#1655,#1656,#1657,#1658));
#311=EDGE_LOOP('',(#1659,#1660,#1661,#1662));
#312=EDGE_LOOP('',(#1663,#1664,#1665,#1666,#1667,#1668,#1669,#1670));
#313=EDGE_LOOP('',(#1671,#1672,#1673,#1674));
#314=EDGE_LOOP('',(#1675,#1676,#1677,#1678));
#315=EDGE_LOOP('',(#1679,#1680,#1681,#1682));
#316=EDGE_LOOP('',(#1683,#1684,#1685,#1686));
#317=EDGE_LOOP('',(#1687,#1688,#1689,#1690,#1691,#1692));
#318=EDGE_LOOP('',(#1693,#1694,#1695,#1696));
#319=EDGE_LOOP('',(#1697,#1698,#1699,#1700));
#320=EDGE_LOOP('',(#1701,#1702,#1703,#1704));
#321=EDGE_LOOP('',(#1705,#1706,#1707,#1708));
#322=EDGE_LOOP('',(#1709,#1710,#1711,#1712));
#323=EDGE_LOOP('',(#1713,#1714,#1715,#1716,#1717,#1718));
#324=EDGE_LOOP('',(#1719,#1720,#1721,#1722));
#325=EDGE_LOOP('',(#1723,#1724,#1725,#1726));
#326=EDGE_LOOP('',(#1727,#1728,#1729,#1730,#1731,#1732));
#327=EDGE_LOOP('',(#1733,#1734,#1735,#1736));
#328=EDGE_LOOP('',(#1737,#1738,#1739,#1740,#1741,#1742));
#329=EDGE_LOOP('',(#1743,#1744,#1745,#1746));
#330=EDGE_LOOP('',(#1747,#1748,#1749,#1750,#1751,#1752,#1753,#1754,#1755,
#1756,#1757,#1758,#1759,#1760,#1761,#1762));
#331=EDGE_LOOP('',(#1763));
#332=EDGE_LOOP('',(#1764));
#333=EDGE_LOOP('',(#1765));
#334=EDGE_LOOP('',(#1766));
#335=EDGE_LOOP('',(#1767));
#336=EDGE_LOOP('',(#1768));
#337=EDGE_LOOP('',(#1769,#1770,#1771,#1772,#1773,#1774,#1775,#1776,#1777,
#1778));
#338=EDGE_LOOP('',(#1779,#1780,#1781,#1782));
#339=EDGE_LOOP('',(#1783,#1784,#1785,#1786));
#340=EDGE_LOOP('',(#1787,#1788,#1789,#1790));
#341=EDGE_LOOP('',(#1791,#1792,#1793,#1794));
#342=EDGE_LOOP('',(#1795));
#343=EDGE_LOOP('',(#1796,#1797,#1798,#1799));
#344=EDGE_LOOP('',(#1800,#1801,#1802,#1803));
#345=EDGE_LOOP('',(#1804,#1805,#1806,#1807));
#346=EDGE_LOOP('',(#1808,#1809,#1810,#1811));
#347=EDGE_LOOP('',(#1812,#1813,#1814,#1815));
#348=EDGE_LOOP('',(#1816,#1817,#1818,#1819));
#349=EDGE_LOOP('',(#1820));
#350=EDGE_LOOP('',(#1821,#1822,#1823,#1824));
#351=EDGE_LOOP('',(#1825,#1826,#1827,#1828,#1829,#1830,#1831,#1832,#1833,
#1834));
#352=EDGE_LOOP('',(#1835,#1836,#1837,#1838));
#353=EDGE_LOOP('',(#1839,#1840,#1841,#1842));
#354=EDGE_LOOP('',(#1843,#1844,#1845,#1846,#1847,#1848));
#355=EDGE_LOOP('',(#1849,#1850,#1851,#1852));
#356=EDGE_LOOP('',(#1853,#1854,#1855,#1856,#1857,#1858,#1859,#1860,#1861,
#1862));
#357=EDGE_LOOP('',(#1863,#1864,#1865,#1866));
#358=EDGE_LOOP('',(#1867,#1868,#1869,#1870));
#359=EDGE_LOOP('',(#1871,#1872,#1873,#1874));
#360=EDGE_LOOP('',(#1875,#1876,#1877,#1878));
#361=EDGE_LOOP('',(#1879,#1880,#1881,#1882));
#362=EDGE_LOOP('',(#1883,#1884,#1885,#1886));
#363=EDGE_LOOP('',(#1887,#1888,#1889,#1890));
#364=EDGE_LOOP('',(#1891,#1892,#1893,#1894));
#365=EDGE_LOOP('',(#1895,#1896,#1897,#1898));
#366=EDGE_LOOP('',(#1899,#1900,#1901,#1902));
#367=EDGE_LOOP('',(#1903,#1904,#1905,#1906));
#368=EDGE_LOOP('',(#1907,#1908,#1909,#1910));
#369=EDGE_LOOP('',(#1911,#1912,#1913,#1914));
#370=EDGE_LOOP('',(#1915,#1916,#1917,#1918));
#371=EDGE_LOOP('',(#1919,#1920,#1921,#1922));
#372=EDGE_LOOP('',(#1923,#1924,#1925,#1926));
#373=EDGE_LOOP('',(#1927,#1928,#1929,#1930,#1931,#1932,#1933,#1934,#1935,
#1936,#1937,#1938,#1939,#1940,#1941,#1942));
#374=EDGE_LOOP('',(#1943));
#375=EDGE_LOOP('',(#1944));
#376=EDGE_LOOP('',(#1945));
#377=EDGE_LOOP('',(#1946));
#378=EDGE_LOOP('',(#1947,#1948,#1949,#1950));
#379=EDGE_LOOP('',(#1951,#1952,#1953,#1954));
#380=EDGE_LOOP('',(#1955,#1956,#1957,#1958));
#381=EDGE_LOOP('',(#1959,#1960,#1961,#1962));
#382=EDGE_LOOP('',(#1963,#1964,#1965,#1966));
#383=EDGE_LOOP('',(#1967,#1968,#1969,#1970));
#384=EDGE_LOOP('',(#1971,#1972,#1973,#1974));
#385=EDGE_LOOP('',(#1975,#1976,#1977,#1978));
#386=EDGE_LOOP('',(#1979,#1980,#1981,#1982));
#387=EDGE_LOOP('',(#1983,#1984,#1985,#1986));
#388=EDGE_LOOP('',(#1987));
#389=EDGE_LOOP('',(#1988));
#390=EDGE_LOOP('',(#1989));
#391=EDGE_LOOP('',(#1990));
#392=EDGE_LOOP('',(#1991,#1992,#1993,#1994));
#393=EDGE_LOOP('',(#1995));
#394=EDGE_LOOP('',(#1996));
#395=EDGE_LOOP('',(#1997));
#396=EDGE_LOOP('',(#1998));
#397=EDGE_LOOP('',(#1999));
#398=EDGE_LOOP('',(#2000,#2001,#2002));
#399=EDGE_LOOP('',(#2003));
#400=EDGE_LOOP('',(#2004,#2005,#2006));
#401=EDGE_LOOP('',(#2007,#2008,#2009,#2010,#2011,#2012,#2013,#2014));
#402=EDGE_LOOP('',(#2015,#2016,#2017,#2018,#2019,#2020,#2021,#2022));
#403=EDGE_LOOP('',(#2023,#2024,#2025,#2026));
#404=EDGE_LOOP('',(#2027,#2028,#2029,#2030));
#405=EDGE_LOOP('',(#2031,#2032,#2033,#2034));
#406=EDGE_LOOP('',(#2035,#2036,#2037,#2038));
#407=EDGE_LOOP('',(#2039,#2040,#2041,#2042));
#408=EDGE_LOOP('',(#2043,#2044,#2045,#2046));
#409=EDGE_LOOP('',(#2047,#2048,#2049,#2050));
#410=EDGE_LOOP('',(#2051,#2052,#2053,#2054));
#411=EDGE_LOOP('',(#2055,#2056,#2057,#2058));
#412=EDGE_LOOP('',(#2059,#2060,#2061,#2062));
#413=EDGE_LOOP('',(#2063,#2064,#2065,#2066));
#414=EDGE_LOOP('',(#2067,#2068,#2069,#2070));
#415=EDGE_LOOP('',(#2071,#2072,#2073,#2074));
#416=EDGE_LOOP('',(#2075,#2076,#2077,#2078));
#417=EDGE_LOOP('',(#2079,#2080,#2081,#2082));
#418=EDGE_LOOP('',(#2083,#2084,#2085,#2086));
#419=EDGE_LOOP('',(#2087,#2088,#2089,#2090));
#420=EDGE_LOOP('',(#2091,#2092,#2093,#2094));
#421=EDGE_LOOP('',(#2095,#2096,#2097,#2098));
#422=EDGE_LOOP('',(#2099,#2100,#2101,#2102));
#423=EDGE_LOOP('',(#2103,#2104,#2105,#2106));
#424=EDGE_LOOP('',(#2107,#2108,#2109,#2110,#2111,#2112,#2113,#2114));
#425=EDGE_LOOP('',(#2115,#2116,#2117,#2118,#2119,#2120,#2121,#2122));
#426=EDGE_LOOP('',(#2123,#2124,#2125,#2126));
#427=B_SPLINE_CURVE_WITH_KNOTS('',3,(#3024,#3025,#3026,#3027),
 .UNSPECIFIED.,.F.,.F.,(4,4),(-0.0731179543603772,-0.0706416909029981),
 .UNSPECIFIED.);
#428=B_SPLINE_CURVE_WITH_KNOTS('',3,(#3029,#3030,#3031,#3032,#3033,#3034),
 .UNSPECIFIED.,.F.,.F.,(4,2,4),(-0.00629738401190851,-0.00314987542414451,
0.),.UNSPECIFIED.);
#429=B_SPLINE_CURVE_WITH_KNOTS('',3,(#3038,#3039,#3040,#3041,#3042,#3043),
 .UNSPECIFIED.,.F.,.F.,(4,2,4),(-0.0062973464666899,-0.0031474897657532,
0.),.UNSPECIFIED.);
#430=B_SPLINE_CURVE_WITH_KNOTS('',3,(#3045,#3046,#3047,#3048),
 .UNSPECIFIED.,.F.,.F.,(4,4),(-0.00174742731707238,0.),.UNSPECIFIED.);
#431=B_SPLINE_CURVE_WITH_KNOTS('',3,(#3069,#3070,#3071,#3072),
 .UNSPECIFIED.,.F.,.F.,(4,4),(-0.0731179543597242,-0.0706416909023757),
 .UNSPECIFIED.);
#432=B_SPLINE_CURVE_WITH_KNOTS('',3,(#3074,#3075,#3076,#3077,#3078,#3079),
 .UNSPECIFIED.,.F.,.F.,(4,2,4),(-0.00629738401042654,-0.00314987542340874,
0.),.UNSPECIFIED.);
#433=B_SPLINE_CURVE_WITH_KNOTS('',3,(#3083,#3084,#3085,#3086,#3087,#3088),
 .UNSPECIFIED.,.F.,.F.,(4,2,4),(-0.00629734646642269,-0.00314748976535434,
0.),.UNSPECIFIED.);
#434=B_SPLINE_CURVE_WITH_KNOTS('',3,(#3090,#3091,#3092,#3093),
 .UNSPECIFIED.,.F.,.F.,(4,4),(-0.0017474273170723,0.),.UNSPECIFIED.);
#435=B_SPLINE_CURVE_WITH_KNOTS('',3,(#3128,#3129,#3130,#3131),
 .UNSPECIFIED.,.F.,.F.,(4,4),(-0.0731179543593145,-0.070641690901986),
 .UNSPECIFIED.);
#436=B_SPLINE_CURVE_WITH_KNOTS('',3,(#3133,#3134,#3135,#3136,#3137,#3138),
 .UNSPECIFIED.,.F.,.F.,(4,2,4),(-0.00629738401628808,-0.00314987542606166,
0.),.UNSPECIFIED.);
#437=B_SPLINE_CURVE_WITH_KNOTS('',3,(#3142,#3143,#3144,#3145,#3146,#3147),
 .UNSPECIFIED.,.F.,.F.,(4,2,4),(-0.00629734647135529,-0.00314748976686582,
0.),.UNSPECIFIED.);
#438=B_SPLINE_CURVE_WITH_KNOTS('',3,(#3149,#3150,#3151,#3152),
 .UNSPECIFIED.,.F.,.F.,(4,4),(-0.0017474273170729,0.),.UNSPECIFIED.);
#439=B_SPLINE_CURVE_WITH_KNOTS('',3,(#3315,#3316,#3317,#3318,#3319,#3320,
#3321,#3322,#3323,#3324,#3325,#3326,#3327,#3328,#3329,#3330,#3331,#3332,
#3333,#3334,#3335,#3336,#3337,#3338,#3339,#3340,#3341,#3342,#3343,#3344,
#3345,#3346,#3347,#3348,#3349,#3350,#3351,#3352,#3353,#3354),
 .UNSPECIFIED.,.F.,.F.,(4,3,3,3,3,3,3,3,3,3,3,3,3,4),(-0.112077758190655,
-0.102423449293916,-0.0980160934197292,-0.0882062417280745,-0.0821023750895425,
-0.0722825308613093,-0.0651199005386347,-0.0549697782551239,-0.0452215125482602,
-0.0353382674457771,-0.027644857036074,-0.0177948980127266,-0.00829786785730659,
-0.00174494415457935),.UNSPECIFIED.);
#440=B_SPLINE_CURVE_WITH_KNOTS('',3,(#3356,#3357,#3358,#3359,#3360,#3361,
#3362,#3363,#3364,#3365,#3366,#3367,#3368,#3369,#3370,#3371,#3372,#3373,
#3374,#3375,#3376,#3377,#3378,#3379,#3380,#3381,#3382,#3383,#3384,#3385,
#3386,#3387,#3388,#3389,#3390,#3391,#3392,#3393,#3394,#3395,#3396,#3397,
#3398),.UNSPECIFIED.,.F.,.F.,(4,3,3,3,3,3,3,3,3,3,3,3,3,3,4),(-0.112077758190697,
-0.10251691717402,-0.0980160934197575,-0.0882216904409143,-0.0821023750895611,
-0.0722191358288143,-0.062469128747837,-0.0549697782551343,-0.048775078972432,
-0.0390813390548484,-0.0292432813036825,-0.0276448570360778,-0.0178188489923847,
-0.00821654968595206,-0.00174494415458069),.UNSPECIFIED.);
#441=B_SPLINE_CURVE_WITH_KNOTS('',3,(#3401,#3402,#3403,#3404,#3405,#3406,
#3407,#3408,#3409,#3410,#3411,#3412,#3413,#3414,#3415,#3416,#3417,#3418,
#3419,#3420,#3421,#3422,#3423,#3424,#3425,#3426,#3427,#3428,#3429,#3430,
#3431,#3432,#3433,#3434,#3435,#3436,#3437,#3438,#3439,#3440),
 .UNSPECIFIED.,.F.,.F.,(4,3,3,3,3,3,3,3,3,3,3,3,3,4),(-0.112077758190656,
-0.102423449293644,-0.0980160934197292,-0.0882062417281661,-0.0821023750895412,
-0.0722825308612856,-0.0651199005386335,-0.0549697782551215,-0.0452215125482723,
-0.0353382674458037,-0.0276448570360717,-0.017794898012708,-0.00829786785726973,
-0.00174494415457958),.UNSPECIFIED.);
#442=B_SPLINE_CURVE_WITH_KNOTS('',3,(#3444,#3445,#3446,#3447),
 .UNSPECIFIED.,.F.,.F.,(4,4),(-0.073117954360178,-0.0706416909028084),
 .UNSPECIFIED.);
#443=B_SPLINE_CURVE_WITH_KNOTS('',3,(#3449,#3450,#3451,#3452,#3453,#3454),
 .UNSPECIFIED.,.F.,.F.,(4,2,4),(-0.00629738401481029,-0.0031498754253185,
0.),.UNSPECIFIED.);
#444=B_SPLINE_CURVE_WITH_KNOTS('',3,(#3458,#3459,#3460,#3461,#3462,#3463),
 .UNSPECIFIED.,.F.,.F.,(4,2,4),(-0.00629734646988794,-0.00314748976650199,
0.),.UNSPECIFIED.);
#445=B_SPLINE_CURVE_WITH_KNOTS('',3,(#3465,#3466,#3467,#3468),
 .UNSPECIFIED.,.F.,.F.,(4,4),(-0.00174742731707225,0.),.UNSPECIFIED.);
#446=B_SPLINE_CURVE_WITH_KNOTS('',3,(#3471,#3472,#3473,#3474,#3475,#3476,
#3477,#3478,#3479,#3480,#3481,#3482,#3483,#3484,#3485,#3486,#3487,#3488,
#3489,#3490,#3491,#3492,#3493,#3494,#3495,#3496,#3497,#3498,#3499,#3500,
#3501,#3502,#3503,#3504,#3505,#3506,#3507,#3508,#3509,#3510,#3511,#3512,
#3513),.UNSPECIFIED.,.F.,.F.,(4,3,3,3,3,3,3,3,3,3,3,3,3,3,4),(-0.112077758190681,
-0.102516917174136,-0.0980160934197439,-0.0882216904408879,-0.082102375089548,
-0.0722191358287622,-0.0624691287477559,-0.0549697782551256,-0.0487750789724238,
-0.0390813390548615,-0.0292432813037168,-0.0276448570360746,-0.0178188489923777,
-0.00821654968593775,-0.00174494415457935),.UNSPECIFIED.);
#447=B_SPLINE_CURVE_WITH_KNOTS('',3,(#3533,#3534,#3535,#3536,#3537,#3538),
 .UNSPECIFIED.,.F.,.F.,(4,2,4),(0.,0.00139662908174957,0.00279256056768759),
 .UNSPECIFIED.);
#448=B_SPLINE_CURVE_WITH_KNOTS('',3,(#3539,#3540,#3541,#3542),
 .UNSPECIFIED.,.F.,.F.,(4,4),(-0.656738755723015,-0.133284400349654),
 .UNSPECIFIED.);
#449=B_SPLINE_CURVE_WITH_KNOTS('',3,(#3560,#3561,#3562,#3563),
 .UNSPECIFIED.,.F.,.F.,(4,4),(0.133284400349675,0.656738755723014),
 .UNSPECIFIED.);
#450=B_SPLINE_CURVE_WITH_KNOTS('',3,(#3565,#3566,#3567,#3568,#3569,#3570),
 .UNSPECIFIED.,.F.,.F.,(4,2,4),(0.,0.00139593104367807,0.00279256017767725),
 .UNSPECIFIED.);
#451=B_SPLINE_CURVE_WITH_KNOTS('',3,(#3589,#3590,#3591,#3592),
 .UNSPECIFIED.,.F.,.F.,(4,4),(0.133284400349676,0.656738755723014),
 .UNSPECIFIED.);
#452=B_SPLINE_CURVE_WITH_KNOTS('',3,(#3594,#3595,#3596,#3597,#3598,#3599),
 .UNSPECIFIED.,.F.,.F.,(4,2,4),(0.,0.00139593104363542,0.00279256017746608),
 .UNSPECIFIED.);
#453=B_SPLINE_CURVE_WITH_KNOTS('',3,(#3621,#3622,#3623,#3624,#3625,#3626,
#3627,#3628,#3629,#3630,#3631,#3632,#3633,#3634,#3635,#3636,#3637,#3638,
#3639,#3640,#3641,#3642,#3643,#3644,#3645,#3646,#3647,#3648,#3649,#3650,
#3651,#3652,#3653,#3654,#3655,#3656,#3657),.UNSPECIFIED.,.F.,.F.,(4,3,3,
3,3,3,3,3,3,3,3,3,4),(0.,0.00335631701077369,0.00679016382610201,0.00768157816989319,
0.0111022703462867,0.0129235983935815,0.0152872708045717,0.0186808664482821,
0.0221313735716478,0.022877305219927,0.0263219848291866,0.0296479835802605,
0.0301345479232903),.UNSPECIFIED.);
#454=B_SPLINE_CURVE_WITH_KNOTS('',3,(#3677,#3678,#3679,#3680,#3681,#3682),
 .UNSPECIFIED.,.F.,.F.,(4,2,4),(0.,0.00139662908184081,0.00279256056774548),
 .UNSPECIFIED.);
#455=B_SPLINE_CURVE_WITH_KNOTS('',3,(#3683,#3684,#3685,#3686),
 .UNSPECIFIED.,.F.,.F.,(4,4),(-0.656738755723014,-0.133284400349653),
 .UNSPECIFIED.);
#456=B_SPLINE_CURVE_WITH_KNOTS('',3,(#3706,#3707,#3708,#3709,#3710,#3711),
 .UNSPECIFIED.,.F.,.F.,(4,2,4),(0.,0.00139662908190933,0.00279256056783599),
 .UNSPECIFIED.);
#457=B_SPLINE_CURVE_WITH_KNOTS('',3,(#3712,#3713,#3714,#3715),
 .UNSPECIFIED.,.F.,.F.,(4,4),(-0.656738755723015,-0.133284400349652),
 .UNSPECIFIED.);
#458=B_SPLINE_CURVE_WITH_KNOTS('',3,(#3735,#3736,#3737,#3738),
 .UNSPECIFIED.,.F.,.F.,(4,4),(0.133284400349676,0.656738755723014),
 .UNSPECIFIED.);
#459=B_SPLINE_CURVE_WITH_KNOTS('',3,(#3740,#3741,#3742,#3743,#3744,#3745),
 .UNSPECIFIED.,.F.,.F.,(4,2,4),(0.,0.00139593104359395,0.00279256017729958),
 .UNSPECIFIED.);
#460=B_SPLINE_CURVE_WITH_KNOTS('',3,(#3764,#3765,#3766,#3767),
 .UNSPECIFIED.,.F.,.F.,(4,4),(0.133284400349676,0.656738755723014),
 .UNSPECIFIED.);
#461=B_SPLINE_CURVE_WITH_KNOTS('',3,(#3769,#3770,#3771,#3772,#3773,#3774),
 .UNSPECIFIED.,.F.,.F.,(4,2,4),(0.,0.00139593104359413,0.00279256017725777),
 .UNSPECIFIED.);
#462=B_SPLINE_CURVE_WITH_KNOTS('',3,(#3796,#3797,#3798,#3799,#3800,#3801,
#3802,#3803,#3804,#3805,#3806,#3807,#3808,#3809,#3810,#3811,#3812,#3813,
#3814,#3815,#3816,#3817,#3818,#3819,#3820,#3821,#3822,#3823,#3824,#3825,
#3826,#3827,#3828,#3829,#3830,#3831,#3832),.UNSPECIFIED.,.F.,.F.,(4,3,3,
3,3,3,3,3,3,3,3,3,4),(0.,0.00332252241884564,0.00676755179230747,0.0076815781698899,
0.0111325480236077,0.014524972701152,0.0152872708045693,0.0172132237764942,
0.0206332685260681,0.0228773052199278,0.0263099513197835,0.0296694926519418,
0.030134547923294),.UNSPECIFIED.);
#463=B_SPLINE_CURVE_WITH_KNOTS('',3,(#3852,#3853,#3854,#3855,#3856,#3857),
 .UNSPECIFIED.,.F.,.F.,(4,2,4),(0.,0.00139662908191866,0.00279256056794164),
 .UNSPECIFIED.);
#464=B_SPLINE_CURVE_WITH_KNOTS('',3,(#3858,#3859,#3860,#3861),
 .UNSPECIFIED.,.F.,.F.,(4,4),(-0.656738755723014,-0.133284400349654),
 .UNSPECIFIED.);
#465=B_SPLINE_CURVE_WITH_KNOTS('',3,(#3884,#3885,#3886,#3887,#3888,#3889,
#3890,#3891,#3892,#3893,#3894,#3895,#3896,#3897,#3898,#3899,#3900,#3901,
#3902,#3903,#3904,#3905,#3906,#3907,#3908,#3909,#3910,#3911,#3912,#3913,
#3914,#3915,#3916,#3917,#3918,#3919,#3920),.UNSPECIFIED.,.F.,.F.,(4,3,3,
3,3,3,3,3,3,3,3,3,4),(0.,0.00335631701078607,0.00679016382613428,0.0076815781698896,
0.0111022703462668,0.0129235983935755,0.0152872708045652,0.0186808664482632,
0.0221313735716385,0.0228773052199198,0.0263219848292116,0.029647983580316,
0.0301345479232849),.UNSPECIFIED.);
#466=B_SPLINE_CURVE_WITH_KNOTS('',3,(#3943,#3944,#3945,#3946,#3947,#3948,
#3949,#3950,#3951,#3952,#3953,#3954,#3955,#3956,#3957,#3958,#3959,#3960,
#3961,#3962,#3963,#3964,#3965,#3966,#3967,#3968,#3969,#3970,#3971,#3972,
#3973,#3974,#3975,#3976,#3977,#3978,#3979),.UNSPECIFIED.,.F.,.F.,(4,3,3,
3,3,3,3,3,3,3,3,3,4),(0.,0.00332252241882469,0.0067675517922647,0.00768157816989316,
0.0111325480236523,0.0145249727012361,0.0152872708045718,0.0172132237764959,
0.0206332685260754,0.0228773052199274,0.0263099513198246,0.0296694926519986,
0.0301345479232917),.UNSPECIFIED.);
#467=B_SPLINE_CURVE_WITH_KNOTS('',3,(#3986,#3987,#3988,#3989),
 .UNSPECIFIED.,.F.,.F.,(4,4),(0.751099220588511,0.784789175811835),
 .UNSPECIFIED.);
#468=B_SPLINE_CURVE_WITH_KNOTS('',3,(#3999,#4000,#4001,#4002),
 .UNSPECIFIED.,.F.,.F.,(4,4),(-0.784789175811837,-0.751099220588512),
 .UNSPECIFIED.);
#469=B_SPLINE_CURVE_WITH_KNOTS('',3,(#4042,#4043,#4044,#4045,#4046),
 .UNSPECIFIED.,.F.,.F.,(4,1,4),(-0.751099220588513,0.107299888655501,0.751099220588511),
 .UNSPECIFIED.);
#470=B_SPLINE_CURVE_WITH_KNOTS('',3,(#4053,#4054,#4055,#4056),
 .UNSPECIFIED.,.F.,.F.,(4,4),(-0.784789175811835,-0.751099220588507),
 .UNSPECIFIED.);
#471=B_SPLINE_CURVE_WITH_KNOTS('',3,(#4059,#4060,#4061,#4062),
 .UNSPECIFIED.,.F.,.F.,(4,4),(0.75109922058851,0.784789175811832),
 .UNSPECIFIED.);
#472=B_SPLINE_CURVE_WITH_KNOTS('',3,(#4064,#4065,#4066,#4067,#4068),
 .UNSPECIFIED.,.F.,.F.,(4,1,4),(-0.751099220588509,-0.1072998886555,0.751099220588513),
 .UNSPECIFIED.);
#473=B_SPLINE_CURVE_WITH_KNOTS('',3,(#4071,#4072,#4073,#4074,#4075),
 .UNSPECIFIED.,.F.,.F.,(4,1,4),(-0.751099220588513,0.1072998886555,0.751099220588511),
 .UNSPECIFIED.);
#474=B_SPLINE_CURVE_WITH_KNOTS('',3,(#4081,#4082,#4083,#4084),
 .UNSPECIFIED.,.F.,.F.,(4,4),(-0.784789175811835,-0.751099220588509),
 .UNSPECIFIED.);
#475=B_SPLINE_CURVE_WITH_KNOTS('',3,(#4087,#4088,#4089,#4090),
 .UNSPECIFIED.,.F.,.F.,(4,4),(0.75109922058851,0.78478917581183),
 .UNSPECIFIED.);
#476=B_SPLINE_CURVE_WITH_KNOTS('',3,(#4093,#4094,#4095,#4096,#4097),
 .UNSPECIFIED.,.F.,.F.,(4,1,4),(-0.751099220588511,-0.107299888655501,0.751099220588513),
 .UNSPECIFIED.);
#477=B_SPLINE_CURVE_WITH_KNOTS('',3,(#4101,#4102,#4103,#4104),
 .UNSPECIFIED.,.F.,.F.,(4,4),(-0.784789175811837,-0.751099220588512),
 .UNSPECIFIED.);
#478=B_SPLINE_CURVE_WITH_KNOTS('',3,(#4107,#4108,#4109,#4110),
 .UNSPECIFIED.,.F.,.F.,(4,4),(0.751099220588511,0.784789175811835),
 .UNSPECIFIED.);
#479=B_SPLINE_CURVE_WITH_KNOTS('',3,(#4131,#4132,#4133,#4134),
 .UNSPECIFIED.,.F.,.F.,(4,4),(0.751099220588512,0.784789175811837),
 .UNSPECIFIED.);
#480=B_SPLINE_CURVE_WITH_KNOTS('',3,(#4155,#4156,#4157,#4158),
 .UNSPECIFIED.,.F.,.F.,(4,4),(-0.784789175811835,-0.751099220588511),
 .UNSPECIFIED.);
#481=B_SPLINE_CURVE_WITH_KNOTS('',3,(#4179,#4180,#4181,#4182),
 .UNSPECIFIED.,.F.,.F.,(4,4),(-0.78478917581183,-0.75109922058851),
 .UNSPECIFIED.);
#482=B_SPLINE_CURVE_WITH_KNOTS('',3,(#4203,#4204,#4205,#4206,#4207),
 .UNSPECIFIED.,.F.,.F.,(4,1,4),(-0.751099220588511,-0.1072998886555,0.751099220588513),
 .UNSPECIFIED.);
#483=B_SPLINE_CURVE_WITH_KNOTS('',3,(#4228,#4229,#4230,#4231),
 .UNSPECIFIED.,.F.,.F.,(4,4),(0.751099220588507,0.784789175811835),
 .UNSPECIFIED.);
#484=B_SPLINE_CURVE_WITH_KNOTS('',3,(#4252,#4253,#4254,#4255),
 .UNSPECIFIED.,.F.,.F.,(4,4),(0.751099220588509,0.784789175811835),
 .UNSPECIFIED.);
#485=B_SPLINE_CURVE_WITH_KNOTS('',3,(#4278,#4279,#4280,#4281),
 .UNSPECIFIED.,.F.,.F.,(4,4),(-0.784789175811832,-0.75109922058851),
 .UNSPECIFIED.);
#486=B_SPLINE_CURVE_WITH_KNOTS('',3,(#4302,#4303,#4304,#4305),
 .UNSPECIFIED.,.F.,.F.,(4,4),(-0.784789175811835,-0.751099220588511),
 .UNSPECIFIED.);
#487=B_SPLINE_CURVE_WITH_KNOTS('',3,(#4326,#4327,#4328,#4329,#4330),
 .UNSPECIFIED.,.F.,.F.,(4,1,4),(-0.751099220588513,0.107299888655501,0.751099220588511),
 .UNSPECIFIED.);
#488=B_SPLINE_CURVE_WITH_KNOTS('',3,(#4351,#4352,#4353,#4354),
 .UNSPECIFIED.,.F.,.F.,(4,4),(0.751099220588512,0.784789175811837),
 .UNSPECIFIED.);
#489=B_SPLINE_CURVE_WITH_KNOTS('',3,(#4377,#4378,#4379,#4380,#4381),
 .UNSPECIFIED.,.F.,.F.,(4,1,4),(-0.751099220588511,-0.107299888655501,0.751099220588513),
 .UNSPECIFIED.);
#490=B_SPLINE_CURVE_WITH_KNOTS('',3,(#4404,#4405,#4406,#4407,#4408),
 .UNSPECIFIED.,.F.,.F.,(4,1,4),(-0.751099220588513,0.1072998886555,0.751099220588509),
 .UNSPECIFIED.);
#491=LINE('',#3016,#699);
#492=LINE('',#3018,#700);
#493=LINE('',#3020,#701);
#494=LINE('',#3022,#702);
#495=LINE('',#3036,#703);
#496=LINE('',#3050,#704);
#497=LINE('',#3052,#705);
#498=LINE('',#3054,#706);
#499=LINE('',#3055,#707);
#500=LINE('',#3061,#708);
#501=LINE('',#3063,#709);
#502=LINE('',#3065,#710);
#503=LINE('',#3067,#711);
#504=LINE('',#3081,#712);
#505=LINE('',#3095,#713);
#506=LINE('',#3097,#714);
#507=LINE('',#3099,#715);
#508=LINE('',#3100,#716);
#509=LINE('',#3104,#717);
#510=LINE('',#3106,#718);
#511=LINE('',#3108,#719);
#512=LINE('',#3109,#720);
#513=LINE('',#3112,#721);
#514=LINE('',#3114,#722);
#515=LINE('',#3115,#723);
#516=LINE('',#3118,#724);
#517=LINE('',#3120,#725);
#518=LINE('',#3121,#726);
#519=LINE('',#3124,#727);
#520=LINE('',#3126,#728);
#521=LINE('',#3140,#729);
#522=LINE('',#3154,#730);
#523=LINE('',#3155,#731);
#524=LINE('',#3159,#732);
#525=LINE('',#3162,#733);
#526=LINE('',#3166,#734);
#527=LINE('',#3169,#735);
#528=LINE('',#3172,#736);
#529=LINE('',#3175,#737);
#530=LINE('',#3179,#738);
#531=LINE('',#3181,#739);
#532=LINE('',#3185,#740);
#533=LINE('',#3187,#741);
#534=LINE('',#3191,#742);
#535=LINE('',#3195,#743);
#536=LINE('',#3197,#744);
#537=LINE('',#3201,#745);
#538=LINE('',#3203,#746);
#539=LINE('',#3206,#747);
#540=LINE('',#3215,#748);
#541=LINE('',#3221,#749);
#542=LINE('',#3227,#750);
#543=LINE('',#3233,#751);
#544=LINE('',#3239,#752);
#545=LINE('',#3245,#753);
#546=LINE('',#3250,#754);
#547=LINE('',#3256,#755);
#548=LINE('',#3263,#756);
#549=LINE('',#3269,#757);
#550=LINE('',#3275,#758);
#551=LINE('',#3282,#759);
#552=LINE('',#3291,#760);
#553=LINE('',#3293,#761);
#554=LINE('',#3296,#762);
#555=LINE('',#3298,#763);
#556=LINE('',#3303,#764);
#557=LINE('',#3305,#765);
#558=LINE('',#3308,#766);
#559=LINE('',#3310,#767);
#560=LINE('',#3441,#768);
#561=LINE('',#3456,#769);
#562=LINE('',#3469,#770);
#563=LINE('',#3531,#771);
#564=LINE('',#3571,#772);
#565=LINE('',#3600,#773);
#566=LINE('',#3675,#774);
#567=LINE('',#3704,#775);
#568=LINE('',#3717,#776);
#569=LINE('',#3746,#777);
#570=LINE('',#3775,#778);
#571=LINE('',#3850,#779);
#572=LINE('',#3863,#780);
#573=LINE('',#3922,#781);
#574=LINE('',#3981,#782);
#575=LINE('',#3990,#783);
#576=LINE('',#3992,#784);
#577=LINE('',#3994,#785);
#578=LINE('',#3995,#786);
#579=LINE('',#3997,#787);
#580=LINE('',#4003,#788);
#581=LINE('',#4006,#789);
#582=LINE('',#4009,#790);
#583=LINE('',#4013,#791);
#584=LINE('',#4015,#792);
#585=LINE('',#4017,#793);
#586=LINE('',#4021,#794);
#587=LINE('',#4024,#795);
#588=LINE('',#4027,#796);
#589=LINE('',#4028,#797);
#590=LINE('',#4032,#798);
#591=LINE('',#4035,#799);
#592=LINE('',#4036,#800);
#593=LINE('',#4038,#801);
#594=LINE('',#4047,#802);
#595=LINE('',#4048,#803);
#596=LINE('',#4051,#804);
#597=LINE('',#4058,#805);
#598=LINE('',#4076,#806);
#599=LINE('',#4079,#807);
#600=LINE('',#4086,#808);
#601=LINE('',#4098,#809);
#602=LINE('',#4106,#810);
#603=LINE('',#4128,#811);
#604=LINE('',#4130,#812);
#605=LINE('',#4152,#813);
#606=LINE('',#4154,#814);
#607=LINE('',#4176,#815);
#608=LINE('',#4178,#816);
#609=LINE('',#4225,#817);
#610=LINE('',#4227,#818);
#611=LINE('',#4249,#819);
#612=LINE('',#4251,#820);
#613=LINE('',#4257,#821);
#614=LINE('',#4275,#822);
#615=LINE('',#4277,#823);
#616=LINE('',#4299,#824);
#617=LINE('',#4301,#825);
#618=LINE('',#4348,#826);
#619=LINE('',#4350,#827);
#620=LINE('',#4356,#828);
#621=LINE('',#4383,#829);
#622=LINE('',#4410,#830);
#623=LINE('',#4416,#831);
#624=LINE('',#4422,#832);
#625=LINE('',#4428,#833);
#626=LINE('',#4434,#834);
#627=LINE('',#4439,#835);
#628=LINE('',#4441,#836);
#629=LINE('',#4443,#837);
#630=LINE('',#4444,#838);
#631=LINE('',#4447,#839);
#632=LINE('',#4449,#840);
#633=LINE('',#4450,#841);
#634=LINE('',#4453,#842);
#635=LINE('',#4455,#843);
#636=LINE('',#4456,#844);
#637=LINE('',#4458,#845);
#638=LINE('',#4459,#846);
#639=LINE('',#4529,#847);
#640=LINE('',#4531,#848);
#641=LINE('',#4533,#849);
#642=LINE('',#4535,#850);
#643=LINE('',#4537,#851);
#644=LINE('',#4539,#852);
#645=LINE('',#4541,#853);
#646=LINE('',#4542,#854);
#647=LINE('',#4546,#855);
#648=LINE('',#4548,#856);
#649=LINE('',#4550,#857);
#650=LINE('',#4552,#858);
#651=LINE('',#4554,#859);
#652=LINE('',#4556,#860);
#653=LINE('',#4558,#861);
#654=LINE('',#4559,#862);
#655=LINE('',#4562,#863);
#656=LINE('',#4564,#864);
#657=LINE('',#4565,#865);
#658=LINE('',#4568,#866);
#659=LINE('',#4569,#867);
#660=LINE('',#4572,#868);
#661=LINE('',#4573,#869);
#662=LINE('',#4576,#870);
#663=LINE('',#4577,#871);
#664=LINE('',#4580,#872);
#665=LINE('',#4582,#873);
#666=LINE('',#4583,#874);
#667=LINE('',#4586,#875);
#668=LINE('',#4587,#876);
#669=LINE('',#4590,#877);
#670=LINE('',#4591,#878);
#671=LINE('',#4594,#879);
#672=LINE('',#4595,#880);
#673=LINE('',#4598,#881);
#674=LINE('',#4599,#882);
#675=LINE('',#4602,#883);
#676=LINE('',#4603,#884);
#677=LINE('',#4606,#885);
#678=LINE('',#4607,#886);
#679=LINE('',#4609,#887);
#680=LINE('',#4612,#888);
#681=LINE('',#4613,#889);
#682=LINE('',#4616,#890);
#683=LINE('',#4617,#891);
#684=LINE('',#4620,#892);
#685=LINE('',#4621,#893);
#686=LINE('',#4623,#894);
#687=LINE('',#4627,#895);
#688=LINE('',#4629,#896);
#689=LINE('',#4631,#897);
#690=LINE('',#4632,#898);
#691=LINE('',#4635,#899);
#692=LINE('',#4637,#900);
#693=LINE('',#4638,#901);
#694=LINE('',#4641,#902);
#695=LINE('',#4643,#903);
#696=LINE('',#4644,#904);
#697=LINE('',#4646,#905);
#698=LINE('',#4647,#906);
#699=VECTOR('',#2500,10.);
#700=VECTOR('',#2501,10.);
#701=VECTOR('',#2502,10.);
#702=VECTOR('',#2503,10.);
#703=VECTOR('',#2504,10.);
#704=VECTOR('',#2505,10.);
#705=VECTOR('',#2506,10.);
#706=VECTOR('',#2507,10.);
#707=VECTOR('',#2508,10.);
#708=VECTOR('',#2513,10.);
#709=VECTOR('',#2514,10.);
#710=VECTOR('',#2515,10.);
#711=VECTOR('',#2516,10.);
#712=VECTOR('',#2517,10.);
#713=VECTOR('',#2518,10.);
#714=VECTOR('',#2519,10.);
#715=VECTOR('',#2520,10.);
#716=VECTOR('',#2521,10.);
#717=VECTOR('',#2524,10.);
#718=VECTOR('',#2525,10.);
#719=VECTOR('',#2526,10.);
#720=VECTOR('',#2527,10.);
#721=VECTOR('',#2530,10.);
#722=VECTOR('',#2531,10.);
#723=VECTOR('',#2532,10.);
#724=VECTOR('',#2535,10.);
#725=VECTOR('',#2536,10.);
#726=VECTOR('',#2537,10.);
#727=VECTOR('',#2540,10.);
#728=VECTOR('',#2541,10.);
#729=VECTOR('',#2542,10.);
#730=VECTOR('',#2543,10.);
#731=VECTOR('',#2544,10.);
#732=VECTOR('',#2549,10.);
#733=VECTOR('',#2552,10.);
#734=VECTOR('',#2555,10.);
#735=VECTOR('',#2558,10.);
#736=VECTOR('',#2561,10.);
#737=VECTOR('',#2564,10.);
#738=VECTOR('',#2567,10.);
#739=VECTOR('',#2568,10.);
#740=VECTOR('',#2571,10.);
#741=VECTOR('',#2572,10.);
#742=VECTOR('',#2575,10.);
#743=VECTOR('',#2578,10.);
#744=VECTOR('',#2579,10.);
#745=VECTOR('',#2582,10.);
#746=VECTOR('',#2583,10.);
#747=VECTOR('',#2586,10.);
#748=VECTOR('',#2595,0.75);
#749=VECTOR('',#2602,0.75);
#750=VECTOR('',#2609,0.75);
#751=VECTOR('',#2616,0.75);
#752=VECTOR('',#2623,4.4);
#753=VECTOR('',#2630,3.9);
#754=VECTOR('',#2635,10.);
#755=VECTOR('',#2636,10.);
#756=VECTOR('',#2639,10.);
#757=VECTOR('',#2640,10.);
#758=VECTOR('',#2643,4.4);
#759=VECTOR('',#2654,3.9);
#760=VECTOR('',#2669,10.);
#761=VECTOR('',#2670,10.);
#762=VECTOR('',#2675,10.);
#763=VECTOR('',#2678,10.);
#764=VECTOR('',#2685,10.);
#765=VECTOR('',#2686,10.);
#766=VECTOR('',#2691,10.);
#767=VECTOR('',#2694,10.);
#768=VECTOR('',#2707,10.);
#769=VECTOR('',#2710,10.);
#770=VECTOR('',#2711,10.);
#771=VECTOR('',#2714,10.);
#772=VECTOR('',#2715,10.);
#773=VECTOR('',#2716,10.);
#774=VECTOR('',#2717,10.);
#775=VECTOR('',#2718,10.);
#776=VECTOR('',#2721,10.);
#777=VECTOR('',#2722,10.);
#778=VECTOR('',#2723,10.);
#779=VECTOR('',#2724,10.);
#780=VECTOR('',#2727,10.);
#781=VECTOR('',#2730,10.);
#782=VECTOR('',#2733,10.);
#783=VECTOR('',#2738,10.);
#784=VECTOR('',#2739,10.);
#785=VECTOR('',#2740,10.);
#786=VECTOR('',#2741,10.);
#787=VECTOR('',#2742,10.);
#788=VECTOR('',#2743,10.);
#789=VECTOR('',#2746,10.);
#790=VECTOR('',#2749,10.);
#791=VECTOR('',#2754,1.175);
#792=VECTOR('',#2757,10.);
#793=VECTOR('',#2760,10.);
#794=VECTOR('',#2765,10.);
#795=VECTOR('',#2768,10.);
#796=VECTOR('',#2771,10.);
#797=VECTOR('',#2772,10.);
#798=VECTOR('',#2777,1.175);
#799=VECTOR('',#2780,10.);
#800=VECTOR('',#2781,10.);
#801=VECTOR('',#2784,10.);
#802=VECTOR('',#2787,10.);
#803=VECTOR('',#2788,10.);
#804=VECTOR('',#2791,10.);
#805=VECTOR('',#2792,10.);
#806=VECTOR('',#2797,10.);
#807=VECTOR('',#2800,10.);
#808=VECTOR('',#2801,10.);
#809=VECTOR('',#2804,10.);
#810=VECTOR('',#2807,10.);
#811=VECTOR('',#2808,10.);
#812=VECTOR('',#2809,10.);
#813=VECTOR('',#2810,10.);
#814=VECTOR('',#2811,10.);
#815=VECTOR('',#2812,10.);
#816=VECTOR('',#2813,10.);
#817=VECTOR('',#2814,10.);
#818=VECTOR('',#2815,10.);
#819=VECTOR('',#2816,10.);
#820=VECTOR('',#2817,10.);
#821=VECTOR('',#2820,10.);
#822=VECTOR('',#2821,10.);
#823=VECTOR('',#2822,10.);
#824=VECTOR('',#2823,10.);
#825=VECTOR('',#2824,10.);
#826=VECTOR('',#2825,10.);
#827=VECTOR('',#2826,10.);
#828=VECTOR('',#2829,10.);
#829=VECTOR('',#2832,10.);
#830=VECTOR('',#2835,10.);
#831=VECTOR('',#2842,1.);
#832=VECTOR('',#2849,1.);
#833=VECTOR('',#2856,1.);
#834=VECTOR('',#2863,1.);
#835=VECTOR('',#2868,10.);
#836=VECTOR('',#2869,10.);
#837=VECTOR('',#2870,10.);
#838=VECTOR('',#2871,10.);
#839=VECTOR('',#2874,10.);
#840=VECTOR('',#2875,10.);
#841=VECTOR('',#2876,10.);
#842=VECTOR('',#2879,10.);
#843=VECTOR('',#2880,10.);
#844=VECTOR('',#2881,10.);
#845=VECTOR('',#2884,10.);
#846=VECTOR('',#2885,10.);
#847=VECTOR('',#2904,10.);
#848=VECTOR('',#2905,10.);
#849=VECTOR('',#2906,10.);
#850=VECTOR('',#2907,10.);
#851=VECTOR('',#2908,10.);
#852=VECTOR('',#2909,10.);
#853=VECTOR('',#2910,10.);
#854=VECTOR('',#2911,10.);
#855=VECTOR('',#2914,10.);
#856=VECTOR('',#2915,10.);
#857=VECTOR('',#2916,10.);
#858=VECTOR('',#2917,10.);
#859=VECTOR('',#2918,10.);
#860=VECTOR('',#2919,10.);
#861=VECTOR('',#2920,10.);
#862=VECTOR('',#2921,10.);
#863=VECTOR('',#2924,10.);
#864=VECTOR('',#2925,10.);
#865=VECTOR('',#2926,10.);
#866=VECTOR('',#2929,10.);
#867=VECTOR('',#2930,10.);
#868=VECTOR('',#2933,10.);
#869=VECTOR('',#2934,10.);
#870=VECTOR('',#2937,10.);
#871=VECTOR('',#2938,10.);
#872=VECTOR('',#2941,10.);
#873=VECTOR('',#2942,10.);
#874=VECTOR('',#2943,10.);
#875=VECTOR('',#2946,10.);
#876=VECTOR('',#2947,10.);
#877=VECTOR('',#2950,10.);
#878=VECTOR('',#2951,10.);
#879=VECTOR('',#2954,10.);
#880=VECTOR('',#2955,10.);
#881=VECTOR('',#2958,10.);
#882=VECTOR('',#2959,10.);
#883=VECTOR('',#2962,10.);
#884=VECTOR('',#2963,10.);
#885=VECTOR('',#2966,10.);
#886=VECTOR('',#2967,10.);
#887=VECTOR('',#2970,10.);
#888=VECTOR('',#2973,10.);
#889=VECTOR('',#2974,10.);
#890=VECTOR('',#2977,10.);
#891=VECTOR('',#2978,10.);
#892=VECTOR('',#2981,10.);
#893=VECTOR('',#2982,10.);
#894=VECTOR('',#2985,10.);
#895=VECTOR('',#2988,10.);
#896=VECTOR('',#2989,10.);
#897=VECTOR('',#2990,10.);
#898=VECTOR('',#2991,10.);
#899=VECTOR('',#2994,10.);
#900=VECTOR('',#2995,10.);
#901=VECTOR('',#2996,10.);
#902=VECTOR('',#2999,10.);
#903=VECTOR('',#3000,10.);
#904=VECTOR('',#3001,10.);
#905=VECTOR('',#3004,10.);
#906=VECTOR('',#3005,10.);
#907=ELLIPSE('',#2342,85.9611250435292,2.99999999999993);
#908=ELLIPSE('',#2344,85.9611250435313,3.);
#909=ELLIPSE('',#2350,0.700853102254002,0.7);
#910=ELLIPSE('',#2352,0.700853102254002,0.7);
#911=ELLIPSE('',#2353,0.700853102254002,0.7);
#912=ELLIPSE('',#2355,0.700853102254002,0.7);
#913=ELLIPSE('',#2356,2.00243743501143,2.);
#914=ELLIPSE('',#2358,2.00243743501143,2.);
#915=ELLIPSE('',#2359,2.00243743501143,2.);
#916=ELLIPSE('',#2361,2.00243743501143,2.);
#917=ELLIPSE('',#2466,3.9,1.5);
#918=ELLIPSE('',#2469,4.5,2.5);
#919=VERTEX_POINT('',#3012);
#920=VERTEX_POINT('',#3013);
#921=VERTEX_POINT('',#3015);
#922=VERTEX_POINT('',#3017);
#923=VERTEX_POINT('',#3019);
#924=VERTEX_POINT('',#3021);
#925=VERTEX_POINT('',#3023);
#926=VERTEX_POINT('',#3028);
#927=VERTEX_POINT('',#3035);
#928=VERTEX_POINT('',#3037);
#929=VERTEX_POINT('',#3044);
#930=VERTEX_POINT('',#3049);
#931=VERTEX_POINT('',#3051);
#932=VERTEX_POINT('',#3053);
#933=VERTEX_POINT('',#3057);
#934=VERTEX_POINT('',#3058);
#935=VERTEX_POINT('',#3060);
#936=VERTEX_POINT('',#3062);
#937=VERTEX_POINT('',#3064);
#938=VERTEX_POINT('',#3066);
#939=VERTEX_POINT('',#3068);
#940=VERTEX_POINT('',#3073);
#941=VERTEX_POINT('',#3080);
#942=VERTEX_POINT('',#3082);
#943=VERTEX_POINT('',#3089);
#944=VERTEX_POINT('',#3094);
#945=VERTEX_POINT('',#3096);
#946=VERTEX_POINT('',#3098);
#947=VERTEX_POINT('',#3102);
#948=VERTEX_POINT('',#3103);
#949=VERTEX_POINT('',#3105);
#950=VERTEX_POINT('',#3107);
#951=VERTEX_POINT('',#3111);
#952=VERTEX_POINT('',#3113);
#953=VERTEX_POINT('',#3117);
#954=VERTEX_POINT('',#3119);
#955=VERTEX_POINT('',#3123);
#956=VERTEX_POINT('',#3125);
#957=VERTEX_POINT('',#3127);
#958=VERTEX_POINT('',#3132);
#959=VERTEX_POINT('',#3139);
#960=VERTEX_POINT('',#3141);
#961=VERTEX_POINT('',#3148);
#962=VERTEX_POINT('',#3153);
#963=VERTEX_POINT('',#3158);
#964=VERTEX_POINT('',#3160);
#965=VERTEX_POINT('',#3163);
#966=VERTEX_POINT('',#3165);
#967=VERTEX_POINT('',#3168);
#968=VERTEX_POINT('',#3170);
#969=VERTEX_POINT('',#3174);
#970=VERTEX_POINT('',#3176);
#971=VERTEX_POINT('',#3178);
#972=VERTEX_POINT('',#3180);
#973=VERTEX_POINT('',#3182);
#974=VERTEX_POINT('',#3184);
#975=VERTEX_POINT('',#3186);
#976=VERTEX_POINT('',#3188);
#977=VERTEX_POINT('',#3190);
#978=VERTEX_POINT('',#3192);
#979=VERTEX_POINT('',#3194);
#980=VERTEX_POINT('',#3196);
#981=VERTEX_POINT('',#3198);
#982=VERTEX_POINT('',#3200);
#983=VERTEX_POINT('',#3202);
#984=VERTEX_POINT('',#3204);
#985=VERTEX_POINT('',#3207);
#986=VERTEX_POINT('',#3209);
#987=VERTEX_POINT('',#3212);
#988=VERTEX_POINT('',#3214);
#989=VERTEX_POINT('',#3218);
#990=VERTEX_POINT('',#3220);
#991=VERTEX_POINT('',#3224);
#992=VERTEX_POINT('',#3226);
#993=VERTEX_POINT('',#3230);
#994=VERTEX_POINT('',#3232);
#995=VERTEX_POINT('',#3236);
#996=VERTEX_POINT('',#3238);
#997=VERTEX_POINT('',#3242);
#998=VERTEX_POINT('',#3244);
#999=VERTEX_POINT('',#3248);
#1000=VERTEX_POINT('',#3249);
#1001=VERTEX_POINT('',#3251);
#1002=VERTEX_POINT('',#3255);
#1003=VERTEX_POINT('',#3261);
#1004=VERTEX_POINT('',#3262);
#1005=VERTEX_POINT('',#3264);
#1006=VERTEX_POINT('',#3268);
#1007=VERTEX_POINT('',#3274);
#1008=VERTEX_POINT('',#3281);
#1009=VERTEX_POINT('',#3289);
#1010=VERTEX_POINT('',#3292);
#1011=VERTEX_POINT('',#3301);
#1012=VERTEX_POINT('',#3304);
#1013=VERTEX_POINT('',#3400);
#1014=VERTEX_POINT('',#3443);
#1015=VERTEX_POINT('',#3448);
#1016=VERTEX_POINT('',#3455);
#1017=VERTEX_POINT('',#3457);
#1018=VERTEX_POINT('',#3464);
#1019=VERTEX_POINT('',#3530);
#1020=VERTEX_POINT('',#3532);
#1021=VERTEX_POINT('',#3559);
#1022=VERTEX_POINT('',#3564);
#1023=VERTEX_POINT('',#3588);
#1024=VERTEX_POINT('',#3593);
#1025=VERTEX_POINT('',#3674);
#1026=VERTEX_POINT('',#3676);
#1027=VERTEX_POINT('',#3703);
#1028=VERTEX_POINT('',#3705);
#1029=VERTEX_POINT('',#3734);
#1030=VERTEX_POINT('',#3739);
#1031=VERTEX_POINT('',#3763);
#1032=VERTEX_POINT('',#3768);
#1033=VERTEX_POINT('',#3849);
#1034=VERTEX_POINT('',#3851);
#1035=VERTEX_POINT('',#3984);
#1036=VERTEX_POINT('',#3985);
#1037=VERTEX_POINT('',#3991);
#1038=VERTEX_POINT('',#3993);
#1039=VERTEX_POINT('',#3996);
#1040=VERTEX_POINT('',#3998);
#1041=VERTEX_POINT('',#4005);
#1042=VERTEX_POINT('',#4007);
#1043=VERTEX_POINT('',#4011);
#1044=VERTEX_POINT('',#4020);
#1045=VERTEX_POINT('',#4022);
#1046=VERTEX_POINT('',#4026);
#1047=VERTEX_POINT('',#4030);
#1048=VERTEX_POINT('',#4034);
#1049=VERTEX_POINT('',#4040);
#1050=VERTEX_POINT('',#4041);
#1051=VERTEX_POINT('',#4050);
#1052=VERTEX_POINT('',#4052);
#1053=VERTEX_POINT('',#4057);
#1054=VERTEX_POINT('',#4070);
#1055=VERTEX_POINT('',#4078);
#1056=VERTEX_POINT('',#4080);
#1057=VERTEX_POINT('',#4085);
#1058=VERTEX_POINT('',#4092);
#1059=VERTEX_POINT('',#4100);
#1060=VERTEX_POINT('',#4105);
#1061=VERTEX_POINT('',#4127);
#1062=VERTEX_POINT('',#4129);
#1063=VERTEX_POINT('',#4151);
#1064=VERTEX_POINT('',#4153);
#1065=VERTEX_POINT('',#4175);
#1066=VERTEX_POINT('',#4177);
#1067=VERTEX_POINT('',#4224);
#1068=VERTEX_POINT('',#4226);
#1069=VERTEX_POINT('',#4248);
#1070=VERTEX_POINT('',#4250);
#1071=VERTEX_POINT('',#4274);
#1072=VERTEX_POINT('',#4276);
#1073=VERTEX_POINT('',#4298);
#1074=VERTEX_POINT('',#4300);
#1075=VERTEX_POINT('',#4347);
#1076=VERTEX_POINT('',#4349);
#1077=VERTEX_POINT('',#4413);
#1078=VERTEX_POINT('',#4415);
#1079=VERTEX_POINT('',#4419);
#1080=VERTEX_POINT('',#4421);
#1081=VERTEX_POINT('',#4425);
#1082=VERTEX_POINT('',#4427);
#1083=VERTEX_POINT('',#4431);
#1084=VERTEX_POINT('',#4433);
#1085=VERTEX_POINT('',#4437);
#1086=VERTEX_POINT('',#4438);
#1087=VERTEX_POINT('',#4440);
#1088=VERTEX_POINT('',#4442);
#1089=VERTEX_POINT('',#4446);
#1090=VERTEX_POINT('',#4448);
#1091=VERTEX_POINT('',#4452);
#1092=VERTEX_POINT('',#4454);
#1093=VERTEX_POINT('',#4463);
#1094=VERTEX_POINT('',#4492);
#1095=VERTEX_POINT('',#4495);
#1096=VERTEX_POINT('',#4524);
#1097=VERTEX_POINT('',#4527);
#1098=VERTEX_POINT('',#4528);
#1099=VERTEX_POINT('',#4530);
#1100=VERTEX_POINT('',#4532);
#1101=VERTEX_POINT('',#4534);
#1102=VERTEX_POINT('',#4536);
#1103=VERTEX_POINT('',#4538);
#1104=VERTEX_POINT('',#4540);
#1105=VERTEX_POINT('',#4544);
#1106=VERTEX_POINT('',#4545);
#1107=VERTEX_POINT('',#4547);
#1108=VERTEX_POINT('',#4549);
#1109=VERTEX_POINT('',#4551);
#1110=VERTEX_POINT('',#4553);
#1111=VERTEX_POINT('',#4555);
#1112=VERTEX_POINT('',#4557);
#1113=VERTEX_POINT('',#4561);
#1114=VERTEX_POINT('',#4563);
#1115=VERTEX_POINT('',#4567);
#1116=VERTEX_POINT('',#4571);
#1117=VERTEX_POINT('',#4575);
#1118=VERTEX_POINT('',#4579);
#1119=VERTEX_POINT('',#4581);
#1120=VERTEX_POINT('',#4585);
#1121=VERTEX_POINT('',#4589);
#1122=VERTEX_POINT('',#4593);
#1123=VERTEX_POINT('',#4597);
#1124=VERTEX_POINT('',#4601);
#1125=VERTEX_POINT('',#4605);
#1126=VERTEX_POINT('',#4611);
#1127=VERTEX_POINT('',#4615);
#1128=VERTEX_POINT('',#4619);
#1129=VERTEX_POINT('',#4625);
#1130=VERTEX_POINT('',#4626);
#1131=VERTEX_POINT('',#4628);
#1132=VERTEX_POINT('',#4630);
#1133=VERTEX_POINT('',#4634);
#1134=VERTEX_POINT('',#4636);
#1135=VERTEX_POINT('',#4640);
#1136=VERTEX_POINT('',#4642);
#1137=EDGE_CURVE('',#919,#920,#907,.T.);
#1138=EDGE_CURVE('',#921,#920,#491,.F.);
#1139=EDGE_CURVE('',#922,#921,#492,.F.);
#1140=EDGE_CURVE('',#923,#922,#493,.T.);
#1141=EDGE_CURVE('',#923,#924,#494,.T.);
#1142=EDGE_CURVE('',#925,#924,#427,.T.);
#1143=EDGE_CURVE('',#925,#926,#428,.F.);
#1144=EDGE_CURVE('',#926,#927,#495,.F.);
#1145=EDGE_CURVE('',#927,#928,#429,.F.);
#1146=EDGE_CURVE('',#929,#928,#430,.T.);
#1147=EDGE_CURVE('',#929,#930,#496,.T.);
#1148=EDGE_CURVE('',#931,#930,#497,.T.);
#1149=EDGE_CURVE('',#932,#931,#498,.F.);
#1150=EDGE_CURVE('',#919,#932,#499,.F.);
#1151=EDGE_CURVE('',#933,#934,#908,.T.);
#1152=EDGE_CURVE('',#935,#934,#500,.T.);
#1153=EDGE_CURVE('',#936,#935,#501,.T.);
#1154=EDGE_CURVE('',#937,#936,#502,.T.);
#1155=EDGE_CURVE('',#937,#938,#503,.T.);
#1156=EDGE_CURVE('',#939,#938,#431,.T.);
#1157=EDGE_CURVE('',#939,#940,#432,.F.);
#1158=EDGE_CURVE('',#940,#941,#504,.F.);
#1159=EDGE_CURVE('',#941,#942,#433,.F.);
#1160=EDGE_CURVE('',#943,#942,#434,.T.);
#1161=EDGE_CURVE('',#943,#944,#505,.T.);
#1162=EDGE_CURVE('',#945,#944,#506,.T.);
#1163=EDGE_CURVE('',#946,#945,#507,.T.);
#1164=EDGE_CURVE('',#933,#946,#508,.T.);
#1165=EDGE_CURVE('',#947,#948,#509,.T.);
#1166=EDGE_CURVE('',#947,#949,#510,.T.);
#1167=EDGE_CURVE('',#950,#949,#511,.T.);
#1168=EDGE_CURVE('',#948,#950,#512,.T.);
#1169=EDGE_CURVE('',#949,#951,#513,.T.);
#1170=EDGE_CURVE('',#952,#951,#514,.T.);
#1171=EDGE_CURVE('',#950,#952,#515,.T.);
#1172=EDGE_CURVE('',#953,#948,#516,.T.);
#1173=EDGE_CURVE('',#954,#953,#517,.T.);
#1174=EDGE_CURVE('',#954,#947,#518,.T.);
#1175=EDGE_CURVE('',#955,#954,#519,.T.);
#1176=EDGE_CURVE('',#955,#956,#520,.T.);
#1177=EDGE_CURVE('',#957,#956,#435,.T.);
#1178=EDGE_CURVE('',#957,#958,#436,.F.);
#1179=EDGE_CURVE('',#958,#959,#521,.F.);
#1180=EDGE_CURVE('',#959,#960,#437,.F.);
#1181=EDGE_CURVE('',#961,#960,#438,.T.);
#1182=EDGE_CURVE('',#961,#962,#522,.T.);
#1183=EDGE_CURVE('',#951,#962,#523,.T.);
#1184=EDGE_CURVE('',#962,#923,#909,.T.);
#1185=EDGE_CURVE('',#922,#963,#524,.T.);
#1186=EDGE_CURVE('',#963,#964,#108,.T.);
#1187=EDGE_CURVE('',#964,#931,#525,.T.);
#1188=EDGE_CURVE('',#930,#965,#910,.T.);
#1189=EDGE_CURVE('',#965,#966,#526,.T.);
#1190=EDGE_CURVE('',#966,#937,#911,.T.);
#1191=EDGE_CURVE('',#936,#967,#527,.T.);
#1192=EDGE_CURVE('',#967,#968,#109,.T.);
#1193=EDGE_CURVE('',#968,#945,#528,.T.);
#1194=EDGE_CURVE('',#944,#955,#912,.T.);
#1195=EDGE_CURVE('',#953,#969,#529,.T.);
#1196=EDGE_CURVE('',#970,#969,#913,.T.);
#1197=EDGE_CURVE('',#970,#971,#530,.T.);
#1198=EDGE_CURVE('',#971,#972,#531,.T.);
#1199=EDGE_CURVE('',#973,#972,#110,.T.);
#1200=EDGE_CURVE('',#974,#973,#532,.T.);
#1201=EDGE_CURVE('',#974,#975,#533,.T.);
#1202=EDGE_CURVE('',#976,#975,#914,.T.);
#1203=EDGE_CURVE('',#976,#977,#534,.T.);
#1204=EDGE_CURVE('',#978,#977,#915,.T.);
#1205=EDGE_CURVE('',#978,#979,#535,.T.);
#1206=EDGE_CURVE('',#979,#980,#536,.T.);
#1207=EDGE_CURVE('',#981,#980,#111,.T.);
#1208=EDGE_CURVE('',#982,#981,#537,.T.);
#1209=EDGE_CURVE('',#982,#983,#538,.T.);
#1210=EDGE_CURVE('',#984,#983,#916,.T.);
#1211=EDGE_CURVE('',#984,#952,#539,.T.);
#1212=EDGE_CURVE('',#985,#985,#112,.T.);
#1213=EDGE_CURVE('',#986,#986,#113,.T.);
#1214=EDGE_CURVE('',#987,#987,#114,.T.);
#1215=EDGE_CURVE('',#987,#988,#540,.T.);
#1216=EDGE_CURVE('',#988,#988,#115,.T.);
#1217=EDGE_CURVE('',#989,#989,#116,.T.);
#1218=EDGE_CURVE('',#989,#990,#541,.T.);
#1219=EDGE_CURVE('',#990,#990,#117,.T.);
#1220=EDGE_CURVE('',#991,#991,#118,.T.);
#1221=EDGE_CURVE('',#991,#992,#542,.T.);
#1222=EDGE_CURVE('',#992,#992,#119,.T.);
#1223=EDGE_CURVE('',#993,#993,#120,.T.);
#1224=EDGE_CURVE('',#993,#994,#543,.T.);
#1225=EDGE_CURVE('',#994,#994,#121,.T.);
#1226=EDGE_CURVE('',#995,#995,#122,.T.);
#1227=EDGE_CURVE('',#995,#996,#544,.T.);
#1228=EDGE_CURVE('',#996,#996,#123,.T.);
#1229=EDGE_CURVE('',#997,#997,#124,.T.);
#1230=EDGE_CURVE('',#997,#998,#545,.T.);
#1231=EDGE_CURVE('',#998,#998,#125,.T.);
#1232=EDGE_CURVE('',#999,#1000,#546,.T.);
#1233=EDGE_CURVE('',#1001,#1000,#53,.T.);
#1234=EDGE_CURVE('',#1002,#1001,#547,.T.);
#1235=EDGE_CURVE('',#999,#1002,#54,.T.);
#1236=EDGE_CURVE('',#1003,#1004,#548,.T.);
#1237=EDGE_CURVE('',#1005,#1004,#55,.T.);
#1238=EDGE_CURVE('',#1006,#1005,#549,.T.);
#1239=EDGE_CURVE('',#1003,#1006,#56,.T.);
#1240=EDGE_CURVE('',#995,#1007,#550,.T.);
#1241=EDGE_CURVE('',#1007,#1007,#126,.T.);
#1242=EDGE_CURVE('',#1001,#1006,#127,.T.);
#1243=EDGE_CURVE('',#1000,#1003,#128,.T.);
#1244=EDGE_CURVE('',#997,#1008,#551,.T.);
#1245=EDGE_CURVE('',#1008,#1008,#129,.T.);
#1246=EDGE_CURVE('',#1004,#999,#130,.T.);
#1247=EDGE_CURVE('',#1005,#1002,#131,.T.);
#1248=EDGE_CURVE('',#1009,#933,#132,.T.);
#1249=EDGE_CURVE('',#968,#1009,#552,.T.);
#1250=EDGE_CURVE('',#1010,#967,#553,.T.);
#1251=EDGE_CURVE('',#934,#1010,#133,.T.);
#1252=EDGE_CURVE('',#1009,#946,#554,.F.);
#1253=EDGE_CURVE('',#935,#1010,#555,.F.);
#1254=EDGE_CURVE('',#1011,#919,#134,.T.);
#1255=EDGE_CURVE('',#964,#1011,#556,.T.);
#1256=EDGE_CURVE('',#1012,#963,#557,.T.);
#1257=EDGE_CURVE('',#920,#1012,#135,.T.);
#1258=EDGE_CURVE('',#1011,#932,#558,.T.);
#1259=EDGE_CURVE('',#921,#1012,#559,.F.);
#1260=EDGE_CURVE('',#943,#956,#439,.F.);
#1261=EDGE_CURVE('',#961,#924,#440,.F.);
#1262=EDGE_CURVE('',#929,#1013,#441,.F.);
#1263=EDGE_CURVE('',#965,#1013,#560,.T.);
#1264=EDGE_CURVE('',#1014,#1013,#442,.T.);
#1265=EDGE_CURVE('',#1014,#1015,#443,.F.);
#1266=EDGE_CURVE('',#1015,#1016,#561,.F.);
#1267=EDGE_CURVE('',#1016,#1017,#444,.F.);
#1268=EDGE_CURVE('',#1018,#1017,#445,.T.);
#1269=EDGE_CURVE('',#1018,#966,#562,.T.);
#1270=EDGE_CURVE('',#1018,#938,#446,.F.);
#1271=EDGE_CURVE('',#927,#1019,#563,.T.);
#1272=EDGE_CURVE('',#1020,#1019,#447,.T.);
#1273=EDGE_CURVE('',#1020,#928,#448,.T.);
#1274=EDGE_CURVE('',#925,#1021,#449,.T.);
#1275=EDGE_CURVE('',#1022,#1021,#450,.T.);
#1276=EDGE_CURVE('',#1022,#926,#564,.T.);
#1277=EDGE_CURVE('',#1014,#1023,#451,.T.);
#1278=EDGE_CURVE('',#1024,#1023,#452,.T.);
#1279=EDGE_CURVE('',#1024,#1015,#565,.T.);
#1280=EDGE_CURVE('',#1023,#1020,#453,.T.);
#1281=EDGE_CURVE('',#959,#1025,#566,.T.);
#1282=EDGE_CURVE('',#1026,#1025,#454,.T.);
#1283=EDGE_CURVE('',#1026,#960,#455,.T.);
#1284=EDGE_CURVE('',#1016,#1027,#567,.T.);
#1285=EDGE_CURVE('',#1028,#1027,#456,.T.);
#1286=EDGE_CURVE('',#1028,#1017,#457,.T.);
#1287=EDGE_CURVE('',#1027,#1024,#568,.T.);
#1288=EDGE_CURVE('',#957,#1029,#458,.T.);
#1289=EDGE_CURVE('',#1030,#1029,#459,.T.);
#1290=EDGE_CURVE('',#1030,#958,#569,.T.);
#1291=EDGE_CURVE('',#939,#1031,#460,.T.);
#1292=EDGE_CURVE('',#1032,#1031,#461,.T.);
#1293=EDGE_CURVE('',#1032,#940,#570,.T.);
#1294=EDGE_CURVE('',#1031,#1028,#462,.T.);
#1295=EDGE_CURVE('',#941,#1033,#571,.T.);
#1296=EDGE_CURVE('',#1034,#1033,#463,.T.);
#1297=EDGE_CURVE('',#1034,#942,#464,.T.);
#1298=EDGE_CURVE('',#1033,#1032,#572,.T.);
#1299=EDGE_CURVE('',#1029,#1034,#465,.T.);
#1300=EDGE_CURVE('',#1025,#1030,#573,.T.);
#1301=EDGE_CURVE('',#1021,#1026,#466,.T.);
#1302=EDGE_CURVE('',#1019,#1022,#574,.T.);
#1303=EDGE_CURVE('',#1035,#1036,#467,.T.);
#1304=EDGE_CURVE('',#983,#1035,#575,.T.);
#1305=EDGE_CURVE('',#982,#1037,#576,.T.);
#1306=EDGE_CURVE('',#1037,#1038,#577,.T.);
#1307=EDGE_CURVE('',#1038,#979,#578,.T.);
#1308=EDGE_CURVE('',#1039,#978,#579,.T.);
#1309=EDGE_CURVE('',#1040,#1039,#468,.T.);
#1310=EDGE_CURVE('',#1036,#1040,#580,.T.);
#1311=EDGE_CURVE('',#980,#1041,#581,.T.);
#1312=EDGE_CURVE('',#1042,#1041,#136,.T.);
#1313=EDGE_CURVE('',#981,#1042,#582,.T.);
#1314=EDGE_CURVE('',#1043,#1043,#137,.T.);
#1315=EDGE_CURVE('',#1043,#986,#583,.T.);
#1316=EDGE_CURVE('',#1037,#1042,#584,.T.);
#1317=EDGE_CURVE('',#1041,#1038,#585,.T.);
#1318=EDGE_CURVE('',#972,#1044,#586,.T.);
#1319=EDGE_CURVE('',#1045,#1044,#138,.T.);
#1320=EDGE_CURVE('',#973,#1045,#587,.T.);
#1321=EDGE_CURVE('',#1046,#971,#588,.T.);
#1322=EDGE_CURVE('',#1044,#1046,#589,.T.);
#1323=EDGE_CURVE('',#1047,#1047,#139,.T.);
#1324=EDGE_CURVE('',#1047,#985,#590,.T.);
#1325=EDGE_CURVE('',#974,#1048,#591,.T.);
#1326=EDGE_CURVE('',#1048,#1045,#592,.T.);
#1327=EDGE_CURVE('',#1048,#1046,#593,.T.);
#1328=EDGE_CURVE('',#1049,#1050,#469,.T.);
#1329=EDGE_CURVE('',#1049,#970,#594,.T.);
#1330=EDGE_CURVE('',#969,#1050,#595,.T.);
#1331=EDGE_CURVE('',#1051,#984,#596,.T.);
#1332=EDGE_CURVE('',#1052,#1051,#470,.T.);
#1333=EDGE_CURVE('',#1053,#1052,#597,.T.);
#1334=EDGE_CURVE('',#1050,#1053,#471,.T.);
#1335=EDGE_CURVE('',#1051,#1035,#472,.T.);
#1336=EDGE_CURVE('',#1039,#1054,#473,.T.);
#1337=EDGE_CURVE('',#977,#1054,#598,.T.);
#1338=EDGE_CURVE('',#1055,#976,#599,.T.);
#1339=EDGE_CURVE('',#1056,#1055,#474,.T.);
#1340=EDGE_CURVE('',#1057,#1056,#600,.T.);
#1341=EDGE_CURVE('',#1054,#1057,#475,.T.);
#1342=EDGE_CURVE('',#1055,#1058,#476,.T.);
#1343=EDGE_CURVE('',#975,#1058,#601,.T.);
#1344=EDGE_CURVE('',#1059,#1049,#477,.T.);
#1345=EDGE_CURVE('',#1060,#1059,#602,.T.);
#1346=EDGE_CURVE('',#1058,#1060,#478,.T.);
#1347=EDGE_CURVE('',#1040,#1061,#603,.T.);
#1348=EDGE_CURVE('',#1062,#1039,#604,.T.);
#1349=EDGE_CURVE('',#1062,#1061,#479,.T.);
#1350=EDGE_CURVE('',#1035,#1063,#605,.T.);
#1351=EDGE_CURVE('',#1064,#1036,#606,.T.);
#1352=EDGE_CURVE('',#1064,#1063,#480,.T.);
#1353=EDGE_CURVE('',#1054,#1065,#607,.T.);
#1354=EDGE_CURVE('',#1066,#1057,#608,.T.);
#1355=EDGE_CURVE('',#1066,#1065,#481,.T.);
#1356=EDGE_CURVE('',#1065,#1062,#482,.T.);
#1357=EDGE_CURVE('',#1052,#1067,#609,.T.);
#1358=EDGE_CURVE('',#1068,#1051,#610,.T.);
#1359=EDGE_CURVE('',#1068,#1067,#483,.T.);
#1360=EDGE_CURVE('',#1056,#1069,#611,.T.);
#1361=EDGE_CURVE('',#1070,#1055,#612,.T.);
#1362=EDGE_CURVE('',#1070,#1069,#484,.T.);
#1363=EDGE_CURVE('',#1069,#1066,#613,.T.);
#1364=EDGE_CURVE('',#1050,#1071,#614,.T.);
#1365=EDGE_CURVE('',#1072,#1053,#615,.T.);
#1366=EDGE_CURVE('',#1072,#1071,#485,.T.);
#1367=EDGE_CURVE('',#1058,#1073,#616,.T.);
#1368=EDGE_CURVE('',#1074,#1060,#617,.T.);
#1369=EDGE_CURVE('',#1074,#1073,#486,.T.);
#1370=EDGE_CURVE('',#1073,#1070,#487,.T.);
#1371=EDGE_CURVE('',#1059,#1075,#618,.T.);
#1372=EDGE_CURVE('',#1076,#1049,#619,.T.);
#1373=EDGE_CURVE('',#1076,#1075,#488,.T.);
#1374=EDGE_CURVE('',#1075,#1074,#620,.T.);
#1375=EDGE_CURVE('',#1071,#1076,#489,.T.);
#1376=EDGE_CURVE('',#1067,#1072,#621,.T.);
#1377=EDGE_CURVE('',#1063,#1068,#490,.T.);
#1378=EDGE_CURVE('',#1061,#1064,#622,.T.);
#1379=EDGE_CURVE('',#1077,#1077,#140,.T.);
#1380=EDGE_CURVE('',#1077,#1078,#623,.T.);
#1381=EDGE_CURVE('',#1078,#1078,#141,.T.);
#1382=EDGE_CURVE('',#1079,#1079,#142,.T.);
#1383=EDGE_CURVE('',#1079,#1080,#624,.T.);
#1384=EDGE_CURVE('',#1080,#1080,#143,.T.);
#1385=EDGE_CURVE('',#1081,#1081,#144,.T.);
#1386=EDGE_CURVE('',#1081,#1082,#625,.T.);
#1387=EDGE_CURVE('',#1082,#1082,#145,.T.);
#1388=EDGE_CURVE('',#1083,#1083,#146,.T.);
#1389=EDGE_CURVE('',#1083,#1084,#626,.T.);
#1390=EDGE_CURVE('',#1084,#1084,#147,.T.);
#1391=EDGE_CURVE('',#1085,#1086,#627,.T.);
#1392=EDGE_CURVE('',#1085,#1087,#628,.T.);
#1393=EDGE_CURVE('',#1088,#1087,#629,.T.);
#1394=EDGE_CURVE('',#1086,#1088,#630,.T.);
#1395=EDGE_CURVE('',#1086,#1089,#631,.T.);
#1396=EDGE_CURVE('',#1090,#1088,#632,.T.);
#1397=EDGE_CURVE('',#1089,#1090,#633,.T.);
#1398=EDGE_CURVE('',#1089,#1091,#634,.T.);
#1399=EDGE_CURVE('',#1092,#1090,#635,.T.);
#1400=EDGE_CURVE('',#1091,#1092,#636,.T.);
#1401=EDGE_CURVE('',#1091,#1085,#637,.T.);
#1402=EDGE_CURVE('',#1087,#1092,#638,.T.);
#1403=EDGE_CURVE('',#1093,#1093,#148,.T.);
#1404=EDGE_CURVE('',#1094,#1093,#917,.T.);
#1405=EDGE_CURVE('',#1095,#1095,#149,.T.);
#1406=EDGE_CURVE('',#1096,#1095,#918,.T.);
#1407=EDGE_CURVE('',#1097,#1098,#639,.T.);
#1408=EDGE_CURVE('',#1099,#1097,#640,.T.);
#1409=EDGE_CURVE('',#1100,#1099,#641,.T.);
#1410=EDGE_CURVE('',#1101,#1100,#642,.T.);
#1411=EDGE_CURVE('',#1102,#1101,#643,.T.);
#1412=EDGE_CURVE('',#1103,#1102,#644,.T.);
#1413=EDGE_CURVE('',#1104,#1103,#645,.T.);
#1414=EDGE_CURVE('',#1098,#1104,#646,.T.);
#1415=EDGE_CURVE('',#1105,#1106,#647,.T.);
#1416=EDGE_CURVE('',#1107,#1105,#648,.T.);
#1417=EDGE_CURVE('',#1108,#1107,#649,.T.);
#1418=EDGE_CURVE('',#1109,#1108,#650,.T.);
#1419=EDGE_CURVE('',#1110,#1109,#651,.T.);
#1420=EDGE_CURVE('',#1111,#1110,#652,.T.);
#1421=EDGE_CURVE('',#1112,#1111,#653,.T.);
#1422=EDGE_CURVE('',#1106,#1112,#654,.T.);
#1423=EDGE_CURVE('',#1113,#1101,#655,.T.);
#1424=EDGE_CURVE('',#1113,#1114,#656,.T.);
#1425=EDGE_CURVE('',#1114,#1102,#657,.T.);
#1426=EDGE_CURVE('',#1115,#1100,#658,.T.);
#1427=EDGE_CURVE('',#1115,#1113,#659,.T.);
#1428=EDGE_CURVE('',#1116,#1099,#660,.T.);
#1429=EDGE_CURVE('',#1116,#1115,#661,.T.);
#1430=EDGE_CURVE('',#1117,#1097,#662,.T.);
#1431=EDGE_CURVE('',#1117,#1116,#663,.T.);
#1432=EDGE_CURVE('',#1118,#1109,#664,.T.);
#1433=EDGE_CURVE('',#1118,#1119,#665,.T.);
#1434=EDGE_CURVE('',#1119,#1110,#666,.T.);
#1435=EDGE_CURVE('',#1120,#1108,#667,.T.);
#1436=EDGE_CURVE('',#1120,#1118,#668,.T.);
#1437=EDGE_CURVE('',#1121,#1107,#669,.T.);
#1438=EDGE_CURVE('',#1121,#1120,#670,.T.);
#1439=EDGE_CURVE('',#1122,#1105,#671,.T.);
#1440=EDGE_CURVE('',#1122,#1121,#672,.T.);
#1441=EDGE_CURVE('',#1123,#1106,#673,.T.);
#1442=EDGE_CURVE('',#1123,#1122,#674,.T.);
#1443=EDGE_CURVE('',#1124,#1112,#675,.T.);
#1444=EDGE_CURVE('',#1124,#1123,#676,.T.);
#1445=EDGE_CURVE('',#1125,#1111,#677,.T.);
#1446=EDGE_CURVE('',#1125,#1124,#678,.T.);
#1447=EDGE_CURVE('',#1119,#1125,#679,.T.);
#1448=EDGE_CURVE('',#1126,#1098,#680,.T.);
#1449=EDGE_CURVE('',#1126,#1117,#681,.T.);
#1450=EDGE_CURVE('',#1127,#1104,#682,.T.);
#1451=EDGE_CURVE('',#1127,#1126,#683,.T.);
#1452=EDGE_CURVE('',#1128,#1103,#684,.T.);
#1453=EDGE_CURVE('',#1128,#1127,#685,.T.);
#1454=EDGE_CURVE('',#1114,#1128,#686,.T.);
#1455=EDGE_CURVE('',#1129,#1130,#687,.T.);
#1456=EDGE_CURVE('',#1131,#1129,#688,.T.);
#1457=EDGE_CURVE('',#1131,#1132,#689,.T.);
#1458=EDGE_CURVE('',#1132,#1130,#690,.T.);
#1459=EDGE_CURVE('',#1133,#1129,#691,.T.);
#1460=EDGE_CURVE('',#1134,#1133,#692,.T.);
#1461=EDGE_CURVE('',#1134,#1131,#693,.T.);
#1462=EDGE_CURVE('',#1135,#1133,#694,.T.);
#1463=EDGE_CURVE('',#1136,#1135,#695,.T.);
#1464=EDGE_CURVE('',#1136,#1134,#696,.T.);
#1465=EDGE_CURVE('',#1130,#1135,#697,.T.);
#1466=EDGE_CURVE('',#1132,#1136,#698,.T.);
#1467=ORIENTED_EDGE('',*,*,#1137,.T.);
#1468=ORIENTED_EDGE('',*,*,#1138,.F.);
#1469=ORIENTED_EDGE('',*,*,#1139,.F.);
#1470=ORIENTED_EDGE('',*,*,#1140,.F.);
#1471=ORIENTED_EDGE('',*,*,#1141,.T.);
#1472=ORIENTED_EDGE('',*,*,#1142,.F.);
#1473=ORIENTED_EDGE('',*,*,#1143,.T.);
#1474=ORIENTED_EDGE('',*,*,#1144,.T.);
#1475=ORIENTED_EDGE('',*,*,#1145,.T.);
#1476=ORIENTED_EDGE('',*,*,#1146,.F.);
#1477=ORIENTED_EDGE('',*,*,#1147,.T.);
#1478=ORIENTED_EDGE('',*,*,#1148,.F.);
#1479=ORIENTED_EDGE('',*,*,#1149,.F.);
#1480=ORIENTED_EDGE('',*,*,#1150,.F.);
#1481=ORIENTED_EDGE('',*,*,#1151,.T.);
#1482=ORIENTED_EDGE('',*,*,#1152,.F.);
#1483=ORIENTED_EDGE('',*,*,#1153,.F.);
#1484=ORIENTED_EDGE('',*,*,#1154,.F.);
#1485=ORIENTED_EDGE('',*,*,#1155,.T.);
#1486=ORIENTED_EDGE('',*,*,#1156,.F.);
#1487=ORIENTED_EDGE('',*,*,#1157,.T.);
#1488=ORIENTED_EDGE('',*,*,#1158,.T.);
#1489=ORIENTED_EDGE('',*,*,#1159,.T.);
#1490=ORIENTED_EDGE('',*,*,#1160,.F.);
#1491=ORIENTED_EDGE('',*,*,#1161,.T.);
#1492=ORIENTED_EDGE('',*,*,#1162,.F.);
#1493=ORIENTED_EDGE('',*,*,#1163,.F.);
#1494=ORIENTED_EDGE('',*,*,#1164,.F.);
#1495=ORIENTED_EDGE('',*,*,#1165,.F.);
#1496=ORIENTED_EDGE('',*,*,#1166,.T.);
#1497=ORIENTED_EDGE('',*,*,#1167,.F.);
#1498=ORIENTED_EDGE('',*,*,#1168,.F.);
#1499=ORIENTED_EDGE('',*,*,#1167,.T.);
#1500=ORIENTED_EDGE('',*,*,#1169,.T.);
#1501=ORIENTED_EDGE('',*,*,#1170,.F.);
#1502=ORIENTED_EDGE('',*,*,#1171,.F.);
#1503=ORIENTED_EDGE('',*,*,#1165,.T.);
#1504=ORIENTED_EDGE('',*,*,#1172,.F.);
#1505=ORIENTED_EDGE('',*,*,#1173,.F.);
#1506=ORIENTED_EDGE('',*,*,#1174,.T.);
#1507=ORIENTED_EDGE('',*,*,#1174,.F.);
#1508=ORIENTED_EDGE('',*,*,#1175,.F.);
#1509=ORIENTED_EDGE('',*,*,#1176,.T.);
#1510=ORIENTED_EDGE('',*,*,#1177,.F.);
#1511=ORIENTED_EDGE('',*,*,#1178,.T.);
#1512=ORIENTED_EDGE('',*,*,#1179,.T.);
#1513=ORIENTED_EDGE('',*,*,#1180,.T.);
#1514=ORIENTED_EDGE('',*,*,#1181,.F.);
#1515=ORIENTED_EDGE('',*,*,#1182,.T.);
#1516=ORIENTED_EDGE('',*,*,#1183,.F.);
#1517=ORIENTED_EDGE('',*,*,#1169,.F.);
#1518=ORIENTED_EDGE('',*,*,#1166,.F.);
#1519=ORIENTED_EDGE('',*,*,#1170,.T.);
#1520=ORIENTED_EDGE('',*,*,#1183,.T.);
#1521=ORIENTED_EDGE('',*,*,#1184,.T.);
#1522=ORIENTED_EDGE('',*,*,#1140,.T.);
#1523=ORIENTED_EDGE('',*,*,#1185,.T.);
#1524=ORIENTED_EDGE('',*,*,#1186,.T.);
#1525=ORIENTED_EDGE('',*,*,#1187,.T.);
#1526=ORIENTED_EDGE('',*,*,#1148,.T.);
#1527=ORIENTED_EDGE('',*,*,#1188,.T.);
#1528=ORIENTED_EDGE('',*,*,#1189,.T.);
#1529=ORIENTED_EDGE('',*,*,#1190,.T.);
#1530=ORIENTED_EDGE('',*,*,#1154,.T.);
#1531=ORIENTED_EDGE('',*,*,#1191,.T.);
#1532=ORIENTED_EDGE('',*,*,#1192,.T.);
#1533=ORIENTED_EDGE('',*,*,#1193,.T.);
#1534=ORIENTED_EDGE('',*,*,#1162,.T.);
#1535=ORIENTED_EDGE('',*,*,#1194,.T.);
#1536=ORIENTED_EDGE('',*,*,#1175,.T.);
#1537=ORIENTED_EDGE('',*,*,#1173,.T.);
#1538=ORIENTED_EDGE('',*,*,#1195,.T.);
#1539=ORIENTED_EDGE('',*,*,#1196,.F.);
#1540=ORIENTED_EDGE('',*,*,#1197,.T.);
#1541=ORIENTED_EDGE('',*,*,#1198,.T.);
#1542=ORIENTED_EDGE('',*,*,#1199,.F.);
#1543=ORIENTED_EDGE('',*,*,#1200,.F.);
#1544=ORIENTED_EDGE('',*,*,#1201,.T.);
#1545=ORIENTED_EDGE('',*,*,#1202,.F.);
#1546=ORIENTED_EDGE('',*,*,#1203,.T.);
#1547=ORIENTED_EDGE('',*,*,#1204,.F.);
#1548=ORIENTED_EDGE('',*,*,#1205,.T.);
#1549=ORIENTED_EDGE('',*,*,#1206,.T.);
#1550=ORIENTED_EDGE('',*,*,#1207,.F.);
#1551=ORIENTED_EDGE('',*,*,#1208,.F.);
#1552=ORIENTED_EDGE('',*,*,#1209,.T.);
#1553=ORIENTED_EDGE('',*,*,#1210,.F.);
#1554=ORIENTED_EDGE('',*,*,#1211,.T.);
#1555=ORIENTED_EDGE('',*,*,#1212,.F.);
#1556=ORIENTED_EDGE('',*,*,#1213,.F.);
#1557=ORIENTED_EDGE('',*,*,#1214,.F.);
#1558=ORIENTED_EDGE('',*,*,#1215,.T.);
#1559=ORIENTED_EDGE('',*,*,#1216,.F.);
#1560=ORIENTED_EDGE('',*,*,#1215,.F.);
#1561=ORIENTED_EDGE('',*,*,#1217,.F.);
#1562=ORIENTED_EDGE('',*,*,#1218,.T.);
#1563=ORIENTED_EDGE('',*,*,#1219,.F.);
#1564=ORIENTED_EDGE('',*,*,#1218,.F.);
#1565=ORIENTED_EDGE('',*,*,#1220,.F.);
#1566=ORIENTED_EDGE('',*,*,#1221,.T.);
#1567=ORIENTED_EDGE('',*,*,#1222,.F.);
#1568=ORIENTED_EDGE('',*,*,#1221,.F.);
#1569=ORIENTED_EDGE('',*,*,#1223,.F.);
#1570=ORIENTED_EDGE('',*,*,#1224,.T.);
#1571=ORIENTED_EDGE('',*,*,#1225,.F.);
#1572=ORIENTED_EDGE('',*,*,#1224,.F.);
#1573=ORIENTED_EDGE('',*,*,#1226,.T.);
#1574=ORIENTED_EDGE('',*,*,#1227,.T.);
#1575=ORIENTED_EDGE('',*,*,#1228,.F.);
#1576=ORIENTED_EDGE('',*,*,#1227,.F.);
#1577=ORIENTED_EDGE('',*,*,#1229,.T.);
#1578=ORIENTED_EDGE('',*,*,#1230,.T.);
#1579=ORIENTED_EDGE('',*,*,#1231,.F.);
#1580=ORIENTED_EDGE('',*,*,#1230,.F.);
#1581=ORIENTED_EDGE('',*,*,#1232,.T.);
#1582=ORIENTED_EDGE('',*,*,#1233,.F.);
#1583=ORIENTED_EDGE('',*,*,#1234,.F.);
#1584=ORIENTED_EDGE('',*,*,#1235,.F.);
#1585=ORIENTED_EDGE('',*,*,#1236,.T.);
#1586=ORIENTED_EDGE('',*,*,#1237,.F.);
#1587=ORIENTED_EDGE('',*,*,#1238,.F.);
#1588=ORIENTED_EDGE('',*,*,#1239,.F.);
#1589=ORIENTED_EDGE('',*,*,#1226,.F.);
#1590=ORIENTED_EDGE('',*,*,#1240,.T.);
#1591=ORIENTED_EDGE('',*,*,#1241,.F.);
#1592=ORIENTED_EDGE('',*,*,#1240,.F.);
#1593=ORIENTED_EDGE('',*,*,#1239,.T.);
#1594=ORIENTED_EDGE('',*,*,#1242,.F.);
#1595=ORIENTED_EDGE('',*,*,#1233,.T.);
#1596=ORIENTED_EDGE('',*,*,#1243,.T.);
#1597=ORIENTED_EDGE('',*,*,#1229,.F.);
#1598=ORIENTED_EDGE('',*,*,#1244,.T.);
#1599=ORIENTED_EDGE('',*,*,#1245,.F.);
#1600=ORIENTED_EDGE('',*,*,#1244,.F.);
#1601=ORIENTED_EDGE('',*,*,#1237,.T.);
#1602=ORIENTED_EDGE('',*,*,#1246,.T.);
#1603=ORIENTED_EDGE('',*,*,#1235,.T.);
#1604=ORIENTED_EDGE('',*,*,#1247,.F.);
#1605=ORIENTED_EDGE('',*,*,#1236,.F.);
#1606=ORIENTED_EDGE('',*,*,#1243,.F.);
#1607=ORIENTED_EDGE('',*,*,#1232,.F.);
#1608=ORIENTED_EDGE('',*,*,#1246,.F.);
#1609=ORIENTED_EDGE('',*,*,#1241,.T.);
#1610=ORIENTED_EDGE('',*,*,#1245,.T.);
#1611=ORIENTED_EDGE('',*,*,#1151,.F.);
#1612=ORIENTED_EDGE('',*,*,#1248,.F.);
#1613=ORIENTED_EDGE('',*,*,#1249,.F.);
#1614=ORIENTED_EDGE('',*,*,#1192,.F.);
#1615=ORIENTED_EDGE('',*,*,#1250,.F.);
#1616=ORIENTED_EDGE('',*,*,#1251,.F.);
#1617=ORIENTED_EDGE('',*,*,#1248,.T.);
#1618=ORIENTED_EDGE('',*,*,#1164,.T.);
#1619=ORIENTED_EDGE('',*,*,#1252,.F.);
#1620=ORIENTED_EDGE('',*,*,#1251,.T.);
#1621=ORIENTED_EDGE('',*,*,#1253,.F.);
#1622=ORIENTED_EDGE('',*,*,#1152,.T.);
#1623=ORIENTED_EDGE('',*,*,#1250,.T.);
#1624=ORIENTED_EDGE('',*,*,#1191,.F.);
#1625=ORIENTED_EDGE('',*,*,#1153,.T.);
#1626=ORIENTED_EDGE('',*,*,#1253,.T.);
#1627=ORIENTED_EDGE('',*,*,#1137,.F.);
#1628=ORIENTED_EDGE('',*,*,#1254,.F.);
#1629=ORIENTED_EDGE('',*,*,#1255,.F.);
#1630=ORIENTED_EDGE('',*,*,#1186,.F.);
#1631=ORIENTED_EDGE('',*,*,#1256,.F.);
#1632=ORIENTED_EDGE('',*,*,#1257,.F.);
#1633=ORIENTED_EDGE('',*,*,#1254,.T.);
#1634=ORIENTED_EDGE('',*,*,#1150,.T.);
#1635=ORIENTED_EDGE('',*,*,#1258,.F.);
#1636=ORIENTED_EDGE('',*,*,#1257,.T.);
#1637=ORIENTED_EDGE('',*,*,#1259,.F.);
#1638=ORIENTED_EDGE('',*,*,#1138,.T.);
#1639=ORIENTED_EDGE('',*,*,#1255,.T.);
#1640=ORIENTED_EDGE('',*,*,#1258,.T.);
#1641=ORIENTED_EDGE('',*,*,#1149,.T.);
#1642=ORIENTED_EDGE('',*,*,#1187,.F.);
#1643=ORIENTED_EDGE('',*,*,#1256,.T.);
#1644=ORIENTED_EDGE('',*,*,#1185,.F.);
#1645=ORIENTED_EDGE('',*,*,#1139,.T.);
#1646=ORIENTED_EDGE('',*,*,#1259,.T.);
#1647=ORIENTED_EDGE('',*,*,#1249,.T.);
#1648=ORIENTED_EDGE('',*,*,#1252,.T.);
#1649=ORIENTED_EDGE('',*,*,#1163,.T.);
#1650=ORIENTED_EDGE('',*,*,#1193,.F.);
#1651=ORIENTED_EDGE('',*,*,#1194,.F.);
#1652=ORIENTED_EDGE('',*,*,#1161,.F.);
#1653=ORIENTED_EDGE('',*,*,#1260,.T.);
#1654=ORIENTED_EDGE('',*,*,#1176,.F.);
#1655=ORIENTED_EDGE('',*,*,#1184,.F.);
#1656=ORIENTED_EDGE('',*,*,#1182,.F.);
#1657=ORIENTED_EDGE('',*,*,#1261,.T.);
#1658=ORIENTED_EDGE('',*,*,#1141,.F.);
#1659=ORIENTED_EDGE('',*,*,#1188,.F.);
#1660=ORIENTED_EDGE('',*,*,#1147,.F.);
#1661=ORIENTED_EDGE('',*,*,#1262,.T.);
#1662=ORIENTED_EDGE('',*,*,#1263,.F.);
#1663=ORIENTED_EDGE('',*,*,#1189,.F.);
#1664=ORIENTED_EDGE('',*,*,#1263,.T.);
#1665=ORIENTED_EDGE('',*,*,#1264,.F.);
#1666=ORIENTED_EDGE('',*,*,#1265,.T.);
#1667=ORIENTED_EDGE('',*,*,#1266,.T.);
#1668=ORIENTED_EDGE('',*,*,#1267,.T.);
#1669=ORIENTED_EDGE('',*,*,#1268,.F.);
#1670=ORIENTED_EDGE('',*,*,#1269,.T.);
#1671=ORIENTED_EDGE('',*,*,#1190,.F.);
#1672=ORIENTED_EDGE('',*,*,#1269,.F.);
#1673=ORIENTED_EDGE('',*,*,#1270,.T.);
#1674=ORIENTED_EDGE('',*,*,#1155,.F.);
#1675=ORIENTED_EDGE('',*,*,#1271,.T.);
#1676=ORIENTED_EDGE('',*,*,#1272,.F.);
#1677=ORIENTED_EDGE('',*,*,#1273,.T.);
#1678=ORIENTED_EDGE('',*,*,#1145,.F.);
#1679=ORIENTED_EDGE('',*,*,#1274,.T.);
#1680=ORIENTED_EDGE('',*,*,#1275,.F.);
#1681=ORIENTED_EDGE('',*,*,#1276,.T.);
#1682=ORIENTED_EDGE('',*,*,#1143,.F.);
#1683=ORIENTED_EDGE('',*,*,#1277,.T.);
#1684=ORIENTED_EDGE('',*,*,#1278,.F.);
#1685=ORIENTED_EDGE('',*,*,#1279,.T.);
#1686=ORIENTED_EDGE('',*,*,#1265,.F.);
#1687=ORIENTED_EDGE('',*,*,#1280,.F.);
#1688=ORIENTED_EDGE('',*,*,#1277,.F.);
#1689=ORIENTED_EDGE('',*,*,#1264,.T.);
#1690=ORIENTED_EDGE('',*,*,#1262,.F.);
#1691=ORIENTED_EDGE('',*,*,#1146,.T.);
#1692=ORIENTED_EDGE('',*,*,#1273,.F.);
#1693=ORIENTED_EDGE('',*,*,#1281,.T.);
#1694=ORIENTED_EDGE('',*,*,#1282,.F.);
#1695=ORIENTED_EDGE('',*,*,#1283,.T.);
#1696=ORIENTED_EDGE('',*,*,#1180,.F.);
#1697=ORIENTED_EDGE('',*,*,#1284,.T.);
#1698=ORIENTED_EDGE('',*,*,#1285,.F.);
#1699=ORIENTED_EDGE('',*,*,#1286,.T.);
#1700=ORIENTED_EDGE('',*,*,#1267,.F.);
#1701=ORIENTED_EDGE('',*,*,#1279,.F.);
#1702=ORIENTED_EDGE('',*,*,#1287,.F.);
#1703=ORIENTED_EDGE('',*,*,#1284,.F.);
#1704=ORIENTED_EDGE('',*,*,#1266,.F.);
#1705=ORIENTED_EDGE('',*,*,#1288,.T.);
#1706=ORIENTED_EDGE('',*,*,#1289,.F.);
#1707=ORIENTED_EDGE('',*,*,#1290,.T.);
#1708=ORIENTED_EDGE('',*,*,#1178,.F.);
#1709=ORIENTED_EDGE('',*,*,#1291,.T.);
#1710=ORIENTED_EDGE('',*,*,#1292,.F.);
#1711=ORIENTED_EDGE('',*,*,#1293,.T.);
#1712=ORIENTED_EDGE('',*,*,#1157,.F.);
#1713=ORIENTED_EDGE('',*,*,#1294,.F.);
#1714=ORIENTED_EDGE('',*,*,#1291,.F.);
#1715=ORIENTED_EDGE('',*,*,#1156,.T.);
#1716=ORIENTED_EDGE('',*,*,#1270,.F.);
#1717=ORIENTED_EDGE('',*,*,#1268,.T.);
#1718=ORIENTED_EDGE('',*,*,#1286,.F.);
#1719=ORIENTED_EDGE('',*,*,#1295,.T.);
#1720=ORIENTED_EDGE('',*,*,#1296,.F.);
#1721=ORIENTED_EDGE('',*,*,#1297,.T.);
#1722=ORIENTED_EDGE('',*,*,#1159,.F.);
#1723=ORIENTED_EDGE('',*,*,#1293,.F.);
#1724=ORIENTED_EDGE('',*,*,#1298,.F.);
#1725=ORIENTED_EDGE('',*,*,#1295,.F.);
#1726=ORIENTED_EDGE('',*,*,#1158,.F.);
#1727=ORIENTED_EDGE('',*,*,#1299,.F.);
#1728=ORIENTED_EDGE('',*,*,#1288,.F.);
#1729=ORIENTED_EDGE('',*,*,#1177,.T.);
#1730=ORIENTED_EDGE('',*,*,#1260,.F.);
#1731=ORIENTED_EDGE('',*,*,#1160,.T.);
#1732=ORIENTED_EDGE('',*,*,#1297,.F.);
#1733=ORIENTED_EDGE('',*,*,#1290,.F.);
#1734=ORIENTED_EDGE('',*,*,#1300,.F.);
#1735=ORIENTED_EDGE('',*,*,#1281,.F.);
#1736=ORIENTED_EDGE('',*,*,#1179,.F.);
#1737=ORIENTED_EDGE('',*,*,#1301,.F.);
#1738=ORIENTED_EDGE('',*,*,#1274,.F.);
#1739=ORIENTED_EDGE('',*,*,#1142,.T.);
#1740=ORIENTED_EDGE('',*,*,#1261,.F.);
#1741=ORIENTED_EDGE('',*,*,#1181,.T.);
#1742=ORIENTED_EDGE('',*,*,#1283,.F.);
#1743=ORIENTED_EDGE('',*,*,#1276,.F.);
#1744=ORIENTED_EDGE('',*,*,#1302,.F.);
#1745=ORIENTED_EDGE('',*,*,#1271,.F.);
#1746=ORIENTED_EDGE('',*,*,#1144,.F.);
#1747=ORIENTED_EDGE('',*,*,#1280,.T.);
#1748=ORIENTED_EDGE('',*,*,#1272,.T.);
#1749=ORIENTED_EDGE('',*,*,#1302,.T.);
#1750=ORIENTED_EDGE('',*,*,#1275,.T.);
#1751=ORIENTED_EDGE('',*,*,#1301,.T.);
#1752=ORIENTED_EDGE('',*,*,#1282,.T.);
#1753=ORIENTED_EDGE('',*,*,#1300,.T.);
#1754=ORIENTED_EDGE('',*,*,#1289,.T.);
#1755=ORIENTED_EDGE('',*,*,#1299,.T.);
#1756=ORIENTED_EDGE('',*,*,#1296,.T.);
#1757=ORIENTED_EDGE('',*,*,#1298,.T.);
#1758=ORIENTED_EDGE('',*,*,#1292,.T.);
#1759=ORIENTED_EDGE('',*,*,#1294,.T.);
#1760=ORIENTED_EDGE('',*,*,#1285,.T.);
#1761=ORIENTED_EDGE('',*,*,#1287,.T.);
#1762=ORIENTED_EDGE('',*,*,#1278,.T.);
#1763=ORIENTED_EDGE('',*,*,#1216,.T.);
#1764=ORIENTED_EDGE('',*,*,#1219,.T.);
#1765=ORIENTED_EDGE('',*,*,#1222,.T.);
#1766=ORIENTED_EDGE('',*,*,#1225,.T.);
#1767=ORIENTED_EDGE('',*,*,#1228,.T.);
#1768=ORIENTED_EDGE('',*,*,#1231,.T.);
#1769=ORIENTED_EDGE('',*,*,#1303,.F.);
#1770=ORIENTED_EDGE('',*,*,#1304,.F.);
#1771=ORIENTED_EDGE('',*,*,#1209,.F.);
#1772=ORIENTED_EDGE('',*,*,#1305,.T.);
#1773=ORIENTED_EDGE('',*,*,#1306,.T.);
#1774=ORIENTED_EDGE('',*,*,#1307,.T.);
#1775=ORIENTED_EDGE('',*,*,#1205,.F.);
#1776=ORIENTED_EDGE('',*,*,#1308,.F.);
#1777=ORIENTED_EDGE('',*,*,#1309,.F.);
#1778=ORIENTED_EDGE('',*,*,#1310,.F.);
#1779=ORIENTED_EDGE('',*,*,#1207,.T.);
#1780=ORIENTED_EDGE('',*,*,#1311,.T.);
#1781=ORIENTED_EDGE('',*,*,#1312,.F.);
#1782=ORIENTED_EDGE('',*,*,#1313,.F.);
#1783=ORIENTED_EDGE('',*,*,#1314,.F.);
#1784=ORIENTED_EDGE('',*,*,#1315,.T.);
#1785=ORIENTED_EDGE('',*,*,#1213,.T.);
#1786=ORIENTED_EDGE('',*,*,#1315,.F.);
#1787=ORIENTED_EDGE('',*,*,#1305,.F.);
#1788=ORIENTED_EDGE('',*,*,#1208,.T.);
#1789=ORIENTED_EDGE('',*,*,#1313,.T.);
#1790=ORIENTED_EDGE('',*,*,#1316,.F.);
#1791=ORIENTED_EDGE('',*,*,#1306,.F.);
#1792=ORIENTED_EDGE('',*,*,#1316,.T.);
#1793=ORIENTED_EDGE('',*,*,#1312,.T.);
#1794=ORIENTED_EDGE('',*,*,#1317,.T.);
#1795=ORIENTED_EDGE('',*,*,#1314,.T.);
#1796=ORIENTED_EDGE('',*,*,#1307,.F.);
#1797=ORIENTED_EDGE('',*,*,#1317,.F.);
#1798=ORIENTED_EDGE('',*,*,#1311,.F.);
#1799=ORIENTED_EDGE('',*,*,#1206,.F.);
#1800=ORIENTED_EDGE('',*,*,#1199,.T.);
#1801=ORIENTED_EDGE('',*,*,#1318,.T.);
#1802=ORIENTED_EDGE('',*,*,#1319,.F.);
#1803=ORIENTED_EDGE('',*,*,#1320,.F.);
#1804=ORIENTED_EDGE('',*,*,#1321,.F.);
#1805=ORIENTED_EDGE('',*,*,#1322,.F.);
#1806=ORIENTED_EDGE('',*,*,#1318,.F.);
#1807=ORIENTED_EDGE('',*,*,#1198,.F.);
#1808=ORIENTED_EDGE('',*,*,#1323,.F.);
#1809=ORIENTED_EDGE('',*,*,#1324,.T.);
#1810=ORIENTED_EDGE('',*,*,#1212,.T.);
#1811=ORIENTED_EDGE('',*,*,#1324,.F.);
#1812=ORIENTED_EDGE('',*,*,#1325,.F.);
#1813=ORIENTED_EDGE('',*,*,#1200,.T.);
#1814=ORIENTED_EDGE('',*,*,#1320,.T.);
#1815=ORIENTED_EDGE('',*,*,#1326,.F.);
#1816=ORIENTED_EDGE('',*,*,#1327,.F.);
#1817=ORIENTED_EDGE('',*,*,#1326,.T.);
#1818=ORIENTED_EDGE('',*,*,#1319,.T.);
#1819=ORIENTED_EDGE('',*,*,#1322,.T.);
#1820=ORIENTED_EDGE('',*,*,#1323,.T.);
#1821=ORIENTED_EDGE('',*,*,#1328,.F.);
#1822=ORIENTED_EDGE('',*,*,#1329,.T.);
#1823=ORIENTED_EDGE('',*,*,#1196,.T.);
#1824=ORIENTED_EDGE('',*,*,#1330,.T.);
#1825=ORIENTED_EDGE('',*,*,#1171,.T.);
#1826=ORIENTED_EDGE('',*,*,#1211,.F.);
#1827=ORIENTED_EDGE('',*,*,#1331,.F.);
#1828=ORIENTED_EDGE('',*,*,#1332,.F.);
#1829=ORIENTED_EDGE('',*,*,#1333,.F.);
#1830=ORIENTED_EDGE('',*,*,#1334,.F.);
#1831=ORIENTED_EDGE('',*,*,#1330,.F.);
#1832=ORIENTED_EDGE('',*,*,#1195,.F.);
#1833=ORIENTED_EDGE('',*,*,#1172,.T.);
#1834=ORIENTED_EDGE('',*,*,#1168,.T.);
#1835=ORIENTED_EDGE('',*,*,#1335,.F.);
#1836=ORIENTED_EDGE('',*,*,#1331,.T.);
#1837=ORIENTED_EDGE('',*,*,#1210,.T.);
#1838=ORIENTED_EDGE('',*,*,#1304,.T.);
#1839=ORIENTED_EDGE('',*,*,#1336,.F.);
#1840=ORIENTED_EDGE('',*,*,#1308,.T.);
#1841=ORIENTED_EDGE('',*,*,#1204,.T.);
#1842=ORIENTED_EDGE('',*,*,#1337,.T.);
#1843=ORIENTED_EDGE('',*,*,#1203,.F.);
#1844=ORIENTED_EDGE('',*,*,#1338,.F.);
#1845=ORIENTED_EDGE('',*,*,#1339,.F.);
#1846=ORIENTED_EDGE('',*,*,#1340,.F.);
#1847=ORIENTED_EDGE('',*,*,#1341,.F.);
#1848=ORIENTED_EDGE('',*,*,#1337,.F.);
#1849=ORIENTED_EDGE('',*,*,#1342,.F.);
#1850=ORIENTED_EDGE('',*,*,#1338,.T.);
#1851=ORIENTED_EDGE('',*,*,#1202,.T.);
#1852=ORIENTED_EDGE('',*,*,#1343,.T.);
#1853=ORIENTED_EDGE('',*,*,#1344,.F.);
#1854=ORIENTED_EDGE('',*,*,#1345,.F.);
#1855=ORIENTED_EDGE('',*,*,#1346,.F.);
#1856=ORIENTED_EDGE('',*,*,#1343,.F.);
#1857=ORIENTED_EDGE('',*,*,#1201,.F.);
#1858=ORIENTED_EDGE('',*,*,#1325,.T.);
#1859=ORIENTED_EDGE('',*,*,#1327,.T.);
#1860=ORIENTED_EDGE('',*,*,#1321,.T.);
#1861=ORIENTED_EDGE('',*,*,#1197,.F.);
#1862=ORIENTED_EDGE('',*,*,#1329,.F.);
#1863=ORIENTED_EDGE('',*,*,#1347,.F.);
#1864=ORIENTED_EDGE('',*,*,#1309,.T.);
#1865=ORIENTED_EDGE('',*,*,#1348,.F.);
#1866=ORIENTED_EDGE('',*,*,#1349,.T.);
#1867=ORIENTED_EDGE('',*,*,#1350,.F.);
#1868=ORIENTED_EDGE('',*,*,#1303,.T.);
#1869=ORIENTED_EDGE('',*,*,#1351,.F.);
#1870=ORIENTED_EDGE('',*,*,#1352,.T.);
#1871=ORIENTED_EDGE('',*,*,#1353,.F.);
#1872=ORIENTED_EDGE('',*,*,#1341,.T.);
#1873=ORIENTED_EDGE('',*,*,#1354,.F.);
#1874=ORIENTED_EDGE('',*,*,#1355,.T.);
#1875=ORIENTED_EDGE('',*,*,#1353,.T.);
#1876=ORIENTED_EDGE('',*,*,#1356,.T.);
#1877=ORIENTED_EDGE('',*,*,#1348,.T.);
#1878=ORIENTED_EDGE('',*,*,#1336,.T.);
#1879=ORIENTED_EDGE('',*,*,#1357,.F.);
#1880=ORIENTED_EDGE('',*,*,#1332,.T.);
#1881=ORIENTED_EDGE('',*,*,#1358,.F.);
#1882=ORIENTED_EDGE('',*,*,#1359,.T.);
#1883=ORIENTED_EDGE('',*,*,#1360,.F.);
#1884=ORIENTED_EDGE('',*,*,#1339,.T.);
#1885=ORIENTED_EDGE('',*,*,#1361,.F.);
#1886=ORIENTED_EDGE('',*,*,#1362,.T.);
#1887=ORIENTED_EDGE('',*,*,#1354,.T.);
#1888=ORIENTED_EDGE('',*,*,#1340,.T.);
#1889=ORIENTED_EDGE('',*,*,#1360,.T.);
#1890=ORIENTED_EDGE('',*,*,#1363,.T.);
#1891=ORIENTED_EDGE('',*,*,#1364,.F.);
#1892=ORIENTED_EDGE('',*,*,#1334,.T.);
#1893=ORIENTED_EDGE('',*,*,#1365,.F.);
#1894=ORIENTED_EDGE('',*,*,#1366,.T.);
#1895=ORIENTED_EDGE('',*,*,#1367,.F.);
#1896=ORIENTED_EDGE('',*,*,#1346,.T.);
#1897=ORIENTED_EDGE('',*,*,#1368,.F.);
#1898=ORIENTED_EDGE('',*,*,#1369,.T.);
#1899=ORIENTED_EDGE('',*,*,#1367,.T.);
#1900=ORIENTED_EDGE('',*,*,#1370,.T.);
#1901=ORIENTED_EDGE('',*,*,#1361,.T.);
#1902=ORIENTED_EDGE('',*,*,#1342,.T.);
#1903=ORIENTED_EDGE('',*,*,#1371,.F.);
#1904=ORIENTED_EDGE('',*,*,#1344,.T.);
#1905=ORIENTED_EDGE('',*,*,#1372,.F.);
#1906=ORIENTED_EDGE('',*,*,#1373,.T.);
#1907=ORIENTED_EDGE('',*,*,#1368,.T.);
#1908=ORIENTED_EDGE('',*,*,#1345,.T.);
#1909=ORIENTED_EDGE('',*,*,#1371,.T.);
#1910=ORIENTED_EDGE('',*,*,#1374,.T.);
#1911=ORIENTED_EDGE('',*,*,#1364,.T.);
#1912=ORIENTED_EDGE('',*,*,#1375,.T.);
#1913=ORIENTED_EDGE('',*,*,#1372,.T.);
#1914=ORIENTED_EDGE('',*,*,#1328,.T.);
#1915=ORIENTED_EDGE('',*,*,#1365,.T.);
#1916=ORIENTED_EDGE('',*,*,#1333,.T.);
#1917=ORIENTED_EDGE('',*,*,#1357,.T.);
#1918=ORIENTED_EDGE('',*,*,#1376,.T.);
#1919=ORIENTED_EDGE('',*,*,#1350,.T.);
#1920=ORIENTED_EDGE('',*,*,#1377,.T.);
#1921=ORIENTED_EDGE('',*,*,#1358,.T.);
#1922=ORIENTED_EDGE('',*,*,#1335,.T.);
#1923=ORIENTED_EDGE('',*,*,#1351,.T.);
#1924=ORIENTED_EDGE('',*,*,#1310,.T.);
#1925=ORIENTED_EDGE('',*,*,#1347,.T.);
#1926=ORIENTED_EDGE('',*,*,#1378,.T.);
#1927=ORIENTED_EDGE('',*,*,#1356,.F.);
#1928=ORIENTED_EDGE('',*,*,#1355,.F.);
#1929=ORIENTED_EDGE('',*,*,#1363,.F.);
#1930=ORIENTED_EDGE('',*,*,#1362,.F.);
#1931=ORIENTED_EDGE('',*,*,#1370,.F.);
#1932=ORIENTED_EDGE('',*,*,#1369,.F.);
#1933=ORIENTED_EDGE('',*,*,#1374,.F.);
#1934=ORIENTED_EDGE('',*,*,#1373,.F.);
#1935=ORIENTED_EDGE('',*,*,#1375,.F.);
#1936=ORIENTED_EDGE('',*,*,#1366,.F.);
#1937=ORIENTED_EDGE('',*,*,#1376,.F.);
#1938=ORIENTED_EDGE('',*,*,#1359,.F.);
#1939=ORIENTED_EDGE('',*,*,#1377,.F.);
#1940=ORIENTED_EDGE('',*,*,#1352,.F.);
#1941=ORIENTED_EDGE('',*,*,#1378,.F.);
#1942=ORIENTED_EDGE('',*,*,#1349,.F.);
#1943=ORIENTED_EDGE('',*,*,#1214,.T.);
#1944=ORIENTED_EDGE('',*,*,#1217,.T.);
#1945=ORIENTED_EDGE('',*,*,#1220,.T.);
#1946=ORIENTED_EDGE('',*,*,#1223,.T.);
#1947=ORIENTED_EDGE('',*,*,#1238,.T.);
#1948=ORIENTED_EDGE('',*,*,#1247,.T.);
#1949=ORIENTED_EDGE('',*,*,#1234,.T.);
#1950=ORIENTED_EDGE('',*,*,#1242,.T.);
#1951=ORIENTED_EDGE('',*,*,#1379,.F.);
#1952=ORIENTED_EDGE('',*,*,#1380,.T.);
#1953=ORIENTED_EDGE('',*,*,#1381,.F.);
#1954=ORIENTED_EDGE('',*,*,#1380,.F.);
#1955=ORIENTED_EDGE('',*,*,#1382,.F.);
#1956=ORIENTED_EDGE('',*,*,#1383,.T.);
#1957=ORIENTED_EDGE('',*,*,#1384,.F.);
#1958=ORIENTED_EDGE('',*,*,#1383,.F.);
#1959=ORIENTED_EDGE('',*,*,#1385,.F.);
#1960=ORIENTED_EDGE('',*,*,#1386,.T.);
#1961=ORIENTED_EDGE('',*,*,#1387,.F.);
#1962=ORIENTED_EDGE('',*,*,#1386,.F.);
#1963=ORIENTED_EDGE('',*,*,#1388,.F.);
#1964=ORIENTED_EDGE('',*,*,#1389,.T.);
#1965=ORIENTED_EDGE('',*,*,#1390,.F.);
#1966=ORIENTED_EDGE('',*,*,#1389,.F.);
#1967=ORIENTED_EDGE('',*,*,#1391,.F.);
#1968=ORIENTED_EDGE('',*,*,#1392,.T.);
#1969=ORIENTED_EDGE('',*,*,#1393,.F.);
#1970=ORIENTED_EDGE('',*,*,#1394,.F.);
#1971=ORIENTED_EDGE('',*,*,#1395,.F.);
#1972=ORIENTED_EDGE('',*,*,#1394,.T.);
#1973=ORIENTED_EDGE('',*,*,#1396,.F.);
#1974=ORIENTED_EDGE('',*,*,#1397,.F.);
#1975=ORIENTED_EDGE('',*,*,#1398,.F.);
#1976=ORIENTED_EDGE('',*,*,#1397,.T.);
#1977=ORIENTED_EDGE('',*,*,#1399,.F.);
#1978=ORIENTED_EDGE('',*,*,#1400,.F.);
#1979=ORIENTED_EDGE('',*,*,#1401,.F.);
#1980=ORIENTED_EDGE('',*,*,#1400,.T.);
#1981=ORIENTED_EDGE('',*,*,#1402,.F.);
#1982=ORIENTED_EDGE('',*,*,#1392,.F.);
#1983=ORIENTED_EDGE('',*,*,#1401,.T.);
#1984=ORIENTED_EDGE('',*,*,#1391,.T.);
#1985=ORIENTED_EDGE('',*,*,#1395,.T.);
#1986=ORIENTED_EDGE('',*,*,#1398,.T.);
#1987=ORIENTED_EDGE('',*,*,#1390,.T.);
#1988=ORIENTED_EDGE('',*,*,#1387,.T.);
#1989=ORIENTED_EDGE('',*,*,#1384,.T.);
#1990=ORIENTED_EDGE('',*,*,#1381,.T.);
#1991=ORIENTED_EDGE('',*,*,#1402,.T.);
#1992=ORIENTED_EDGE('',*,*,#1399,.T.);
#1993=ORIENTED_EDGE('',*,*,#1396,.T.);
#1994=ORIENTED_EDGE('',*,*,#1393,.T.);
#1995=ORIENTED_EDGE('',*,*,#1388,.T.);
#1996=ORIENTED_EDGE('',*,*,#1385,.T.);
#1997=ORIENTED_EDGE('',*,*,#1382,.T.);
#1998=ORIENTED_EDGE('',*,*,#1379,.T.);
#1999=ORIENTED_EDGE('',*,*,#1403,.F.);
#2000=ORIENTED_EDGE('',*,*,#1404,.T.);
#2001=ORIENTED_EDGE('',*,*,#1403,.T.);
#2002=ORIENTED_EDGE('',*,*,#1404,.F.);
#2003=ORIENTED_EDGE('',*,*,#1405,.F.);
#2004=ORIENTED_EDGE('',*,*,#1406,.T.);
#2005=ORIENTED_EDGE('',*,*,#1405,.T.);
#2006=ORIENTED_EDGE('',*,*,#1406,.F.);
#2007=ORIENTED_EDGE('',*,*,#1407,.F.);
#2008=ORIENTED_EDGE('',*,*,#1408,.F.);
#2009=ORIENTED_EDGE('',*,*,#1409,.F.);
#2010=ORIENTED_EDGE('',*,*,#1410,.F.);
#2011=ORIENTED_EDGE('',*,*,#1411,.F.);
#2012=ORIENTED_EDGE('',*,*,#1412,.F.);
#2013=ORIENTED_EDGE('',*,*,#1413,.F.);
#2014=ORIENTED_EDGE('',*,*,#1414,.F.);
#2015=ORIENTED_EDGE('',*,*,#1415,.F.);
#2016=ORIENTED_EDGE('',*,*,#1416,.F.);
#2017=ORIENTED_EDGE('',*,*,#1417,.F.);
#2018=ORIENTED_EDGE('',*,*,#1418,.F.);
#2019=ORIENTED_EDGE('',*,*,#1419,.F.);
#2020=ORIENTED_EDGE('',*,*,#1420,.F.);
#2021=ORIENTED_EDGE('',*,*,#1421,.F.);
#2022=ORIENTED_EDGE('',*,*,#1422,.F.);
#2023=ORIENTED_EDGE('',*,*,#1411,.T.);
#2024=ORIENTED_EDGE('',*,*,#1423,.F.);
#2025=ORIENTED_EDGE('',*,*,#1424,.T.);
#2026=ORIENTED_EDGE('',*,*,#1425,.T.);
#2027=ORIENTED_EDGE('',*,*,#1410,.T.);
#2028=ORIENTED_EDGE('',*,*,#1426,.F.);
#2029=ORIENTED_EDGE('',*,*,#1427,.T.);
#2030=ORIENTED_EDGE('',*,*,#1423,.T.);
#2031=ORIENTED_EDGE('',*,*,#1409,.T.);
#2032=ORIENTED_EDGE('',*,*,#1428,.F.);
#2033=ORIENTED_EDGE('',*,*,#1429,.T.);
#2034=ORIENTED_EDGE('',*,*,#1426,.T.);
#2035=ORIENTED_EDGE('',*,*,#1408,.T.);
#2036=ORIENTED_EDGE('',*,*,#1430,.F.);
#2037=ORIENTED_EDGE('',*,*,#1431,.T.);
#2038=ORIENTED_EDGE('',*,*,#1428,.T.);
#2039=ORIENTED_EDGE('',*,*,#1419,.T.);
#2040=ORIENTED_EDGE('',*,*,#1432,.F.);
#2041=ORIENTED_EDGE('',*,*,#1433,.T.);
#2042=ORIENTED_EDGE('',*,*,#1434,.T.);
#2043=ORIENTED_EDGE('',*,*,#1418,.T.);
#2044=ORIENTED_EDGE('',*,*,#1435,.F.);
#2045=ORIENTED_EDGE('',*,*,#1436,.T.);
#2046=ORIENTED_EDGE('',*,*,#1432,.T.);
#2047=ORIENTED_EDGE('',*,*,#1417,.T.);
#2048=ORIENTED_EDGE('',*,*,#1437,.F.);
#2049=ORIENTED_EDGE('',*,*,#1438,.T.);
#2050=ORIENTED_EDGE('',*,*,#1435,.T.);
#2051=ORIENTED_EDGE('',*,*,#1416,.T.);
#2052=ORIENTED_EDGE('',*,*,#1439,.F.);
#2053=ORIENTED_EDGE('',*,*,#1440,.T.);
#2054=ORIENTED_EDGE('',*,*,#1437,.T.);
#2055=ORIENTED_EDGE('',*,*,#1415,.T.);
#2056=ORIENTED_EDGE('',*,*,#1441,.F.);
#2057=ORIENTED_EDGE('',*,*,#1442,.T.);
#2058=ORIENTED_EDGE('',*,*,#1439,.T.);
#2059=ORIENTED_EDGE('',*,*,#1422,.T.);
#2060=ORIENTED_EDGE('',*,*,#1443,.F.);
#2061=ORIENTED_EDGE('',*,*,#1444,.T.);
#2062=ORIENTED_EDGE('',*,*,#1441,.T.);
#2063=ORIENTED_EDGE('',*,*,#1421,.T.);
#2064=ORIENTED_EDGE('',*,*,#1445,.F.);
#2065=ORIENTED_EDGE('',*,*,#1446,.T.);
#2066=ORIENTED_EDGE('',*,*,#1443,.T.);
#2067=ORIENTED_EDGE('',*,*,#1420,.T.);
#2068=ORIENTED_EDGE('',*,*,#1434,.F.);
#2069=ORIENTED_EDGE('',*,*,#1447,.T.);
#2070=ORIENTED_EDGE('',*,*,#1445,.T.);
#2071=ORIENTED_EDGE('',*,*,#1407,.T.);
#2072=ORIENTED_EDGE('',*,*,#1448,.F.);
#2073=ORIENTED_EDGE('',*,*,#1449,.T.);
#2074=ORIENTED_EDGE('',*,*,#1430,.T.);
#2075=ORIENTED_EDGE('',*,*,#1414,.T.);
#2076=ORIENTED_EDGE('',*,*,#1450,.F.);
#2077=ORIENTED_EDGE('',*,*,#1451,.T.);
#2078=ORIENTED_EDGE('',*,*,#1448,.T.);
#2079=ORIENTED_EDGE('',*,*,#1413,.T.);
#2080=ORIENTED_EDGE('',*,*,#1452,.F.);
#2081=ORIENTED_EDGE('',*,*,#1453,.T.);
#2082=ORIENTED_EDGE('',*,*,#1450,.T.);
#2083=ORIENTED_EDGE('',*,*,#1412,.T.);
#2084=ORIENTED_EDGE('',*,*,#1425,.F.);
#2085=ORIENTED_EDGE('',*,*,#1454,.T.);
#2086=ORIENTED_EDGE('',*,*,#1452,.T.);
#2087=ORIENTED_EDGE('',*,*,#1455,.F.);
#2088=ORIENTED_EDGE('',*,*,#1456,.F.);
#2089=ORIENTED_EDGE('',*,*,#1457,.T.);
#2090=ORIENTED_EDGE('',*,*,#1458,.T.);
#2091=ORIENTED_EDGE('',*,*,#1459,.F.);
#2092=ORIENTED_EDGE('',*,*,#1460,.F.);
#2093=ORIENTED_EDGE('',*,*,#1461,.T.);
#2094=ORIENTED_EDGE('',*,*,#1456,.T.);
#2095=ORIENTED_EDGE('',*,*,#1462,.F.);
#2096=ORIENTED_EDGE('',*,*,#1463,.F.);
#2097=ORIENTED_EDGE('',*,*,#1464,.T.);
#2098=ORIENTED_EDGE('',*,*,#1460,.T.);
#2099=ORIENTED_EDGE('',*,*,#1465,.F.);
#2100=ORIENTED_EDGE('',*,*,#1458,.F.);
#2101=ORIENTED_EDGE('',*,*,#1466,.T.);
#2102=ORIENTED_EDGE('',*,*,#1463,.T.);
#2103=ORIENTED_EDGE('',*,*,#1457,.F.);
#2104=ORIENTED_EDGE('',*,*,#1461,.F.);
#2105=ORIENTED_EDGE('',*,*,#1464,.F.);
#2106=ORIENTED_EDGE('',*,*,#1466,.F.);
#2107=ORIENTED_EDGE('',*,*,#1453,.F.);
#2108=ORIENTED_EDGE('',*,*,#1454,.F.);
#2109=ORIENTED_EDGE('',*,*,#1424,.F.);
#2110=ORIENTED_EDGE('',*,*,#1427,.F.);
#2111=ORIENTED_EDGE('',*,*,#1429,.F.);
#2112=ORIENTED_EDGE('',*,*,#1431,.F.);
#2113=ORIENTED_EDGE('',*,*,#1449,.F.);
#2114=ORIENTED_EDGE('',*,*,#1451,.F.);
#2115=ORIENTED_EDGE('',*,*,#1446,.F.);
#2116=ORIENTED_EDGE('',*,*,#1447,.F.);
#2117=ORIENTED_EDGE('',*,*,#1433,.F.);
#2118=ORIENTED_EDGE('',*,*,#1436,.F.);
#2119=ORIENTED_EDGE('',*,*,#1438,.F.);
#2120=ORIENTED_EDGE('',*,*,#1440,.F.);
#2121=ORIENTED_EDGE('',*,*,#1442,.F.);
#2122=ORIENTED_EDGE('',*,*,#1444,.F.);
#2123=ORIENTED_EDGE('',*,*,#1459,.T.);
#2124=ORIENTED_EDGE('',*,*,#1455,.T.);
#2125=ORIENTED_EDGE('',*,*,#1465,.T.);
#2126=ORIENTED_EDGE('',*,*,#1462,.T.);
#2127=PLANE('',#2341);
#2128=PLANE('',#2343);
#2129=PLANE('',#2345);
#2130=PLANE('',#2346);
#2131=PLANE('',#2347);
#2132=PLANE('',#2348);
#2133=PLANE('',#2349);
#2134=PLANE('',#2382);
#2135=PLANE('',#2383);
#2136=PLANE('',#2394);
#2137=PLANE('',#2398);
#2138=PLANE('',#2399);
#2139=PLANE('',#2400);
#2140=PLANE('',#2404);
#2141=PLANE('',#2405);
#2142=PLANE('',#2406);
#2143=PLANE('',#2407);
#2144=PLANE('',#2408);
#2145=PLANE('',#2412);
#2146=PLANE('',#2414);
#2147=PLANE('',#2415);
#2148=PLANE('',#2416);
#2149=PLANE('',#2417);
#2150=PLANE('',#2418);
#2151=PLANE('',#2419);
#2152=PLANE('',#2424);
#2153=PLANE('',#2425);
#2154=PLANE('',#2426);
#2155=PLANE('',#2429);
#2156=PLANE('',#2432);
#2157=PLANE('',#2433);
#2158=PLANE('',#2435);
#2159=PLANE('',#2438);
#2160=PLANE('',#2440);
#2161=PLANE('',#2441);
#2162=PLANE('',#2442);
#2163=PLANE('',#2443);
#2164=PLANE('',#2444);
#2165=PLANE('',#2445);
#2166=PLANE('',#2458);
#2167=PLANE('',#2459);
#2168=PLANE('',#2460);
#2169=PLANE('',#2461);
#2170=PLANE('',#2462);
#2171=PLANE('',#2463);
#2172=PLANE('',#2464);
#2173=PLANE('',#2467);
#2174=PLANE('',#2470);
#2175=PLANE('',#2471);
#2176=PLANE('',#2472);
#2177=PLANE('',#2473);
#2178=PLANE('',#2474);
#2179=PLANE('',#2475);
#2180=PLANE('',#2476);
#2181=PLANE('',#2477);
#2182=PLANE('',#2478);
#2183=PLANE('',#2479);
#2184=PLANE('',#2480);
#2185=PLANE('',#2481);
#2186=PLANE('',#2482);
#2187=PLANE('',#2483);
#2188=PLANE('',#2484);
#2189=PLANE('',#2485);
#2190=PLANE('',#2486);
#2191=PLANE('',#2487);
#2192=PLANE('',#2488);
#2193=PLANE('',#2489);
#2194=PLANE('',#2490);
#2195=PLANE('',#2491);
#2196=PLANE('',#2492);
#2197=PLANE('',#2493);
#2198=ADVANCED_FACE('',(#150),#2127,.F.);
#2199=ADVANCED_FACE('',(#151),#2128,.F.);
#2200=ADVANCED_FACE('',(#152),#2129,.F.);
#2201=ADVANCED_FACE('',(#153),#2130,.F.);
#2202=ADVANCED_FACE('',(#154),#2131,.F.);
#2203=ADVANCED_FACE('',(#155),#2132,.F.);
#2204=ADVANCED_FACE('',(#156,#81,#82),#2133,.F.);
#2205=ADVANCED_FACE('',(#157),#57,.F.);
#2206=ADVANCED_FACE('',(#158),#58,.F.);
#2207=ADVANCED_FACE('',(#159),#59,.F.);
#2208=ADVANCED_FACE('',(#160),#60,.F.);
#2209=ADVANCED_FACE('',(#161),#61,.F.);
#2210=ADVANCED_FACE('',(#162),#62,.F.);
#2211=ADVANCED_FACE('',(#163),#2134,.T.);
#2212=ADVANCED_FACE('',(#164),#2135,.T.);
#2213=ADVANCED_FACE('',(#165),#49,.F.);
#2214=ADVANCED_FACE('',(#166),#50,.T.);
#2215=ADVANCED_FACE('',(#167),#51,.F.);
#2216=ADVANCED_FACE('',(#168),#52,.T.);
#2217=ADVANCED_FACE('',(#169,#83,#84),#2136,.T.);
#2218=ADVANCED_FACE('',(#170),#63,.T.);
#2219=ADVANCED_FACE('',(#171),#2137,.F.);
#2220=ADVANCED_FACE('',(#172),#2138,.F.);
#2221=ADVANCED_FACE('',(#173),#2139,.F.);
#2222=ADVANCED_FACE('',(#174),#64,.T.);
#2223=ADVANCED_FACE('',(#175),#2140,.F.);
#2224=ADVANCED_FACE('',(#176),#2141,.F.);
#2225=ADVANCED_FACE('',(#177),#2142,.F.);
#2226=ADVANCED_FACE('',(#178),#2143,.F.);
#2227=ADVANCED_FACE('',(#179),#2144,.F.);
#2228=ADVANCED_FACE('',(#180),#65,.F.);
#2229=ADVANCED_FACE('',(#181),#66,.F.);
#2230=ADVANCED_FACE('',(#182),#67,.F.);
#2231=ADVANCED_FACE('',(#183),#2145,.F.);
#2232=ADVANCED_FACE('',(#184),#68,.F.);
#2233=ADVANCED_FACE('',(#185),#25,.F.);
#2234=ADVANCED_FACE('',(#186),#26,.F.);
#2235=ADVANCED_FACE('',(#187),#27,.F.);
#2236=ADVANCED_FACE('',(#188),#28,.F.);
#2237=ADVANCED_FACE('',(#189),#29,.F.);
#2238=ADVANCED_FACE('',(#190),#30,.F.);
#2239=ADVANCED_FACE('',(#191),#2146,.F.);
#2240=ADVANCED_FACE('',(#192),#31,.F.);
#2241=ADVANCED_FACE('',(#193),#32,.F.);
#2242=ADVANCED_FACE('',(#194),#33,.F.);
#2243=ADVANCED_FACE('',(#195),#34,.F.);
#2244=ADVANCED_FACE('',(#196),#2147,.F.);
#2245=ADVANCED_FACE('',(#197),#35,.F.);
#2246=ADVANCED_FACE('',(#198),#2148,.F.);
#2247=ADVANCED_FACE('',(#199),#36,.F.);
#2248=ADVANCED_FACE('',(#200),#2149,.F.);
#2249=ADVANCED_FACE('',(#201,#85,#86,#87,#88,#89,#90),#2150,.F.);
#2250=ADVANCED_FACE('',(#202),#2151,.T.);
#2251=ADVANCED_FACE('',(#203),#69,.T.);
#2252=ADVANCED_FACE('',(#204),#70,.F.);
#2253=ADVANCED_FACE('',(#205),#2152,.T.);
#2254=ADVANCED_FACE('',(#206,#91),#2153,.T.);
#2255=ADVANCED_FACE('',(#207),#2154,.T.);
#2256=ADVANCED_FACE('',(#208),#71,.T.);
#2257=ADVANCED_FACE('',(#209),#2155,.T.);
#2258=ADVANCED_FACE('',(#210),#72,.F.);
#2259=ADVANCED_FACE('',(#211),#2156,.T.);
#2260=ADVANCED_FACE('',(#212,#92),#2157,.T.);
#2261=ADVANCED_FACE('',(#213),#73,.T.);
#2262=ADVANCED_FACE('',(#214),#2158,.T.);
#2263=ADVANCED_FACE('',(#215),#74,.T.);
#2264=ADVANCED_FACE('',(#216),#75,.T.);
#2265=ADVANCED_FACE('',(#217),#2159,.T.);
#2266=ADVANCED_FACE('',(#218),#76,.T.);
#2267=ADVANCED_FACE('',(#219),#2160,.T.);
#2268=ADVANCED_FACE('',(#220),#37,.T.);
#2269=ADVANCED_FACE('',(#221),#38,.T.);
#2270=ADVANCED_FACE('',(#222),#39,.T.);
#2271=ADVANCED_FACE('',(#223),#40,.T.);
#2272=ADVANCED_FACE('',(#224),#41,.T.);
#2273=ADVANCED_FACE('',(#225),#42,.T.);
#2274=ADVANCED_FACE('',(#226),#2161,.T.);
#2275=ADVANCED_FACE('',(#227),#43,.T.);
#2276=ADVANCED_FACE('',(#228),#44,.T.);
#2277=ADVANCED_FACE('',(#229),#45,.T.);
#2278=ADVANCED_FACE('',(#230),#46,.T.);
#2279=ADVANCED_FACE('',(#231),#2162,.T.);
#2280=ADVANCED_FACE('',(#232),#47,.T.);
#2281=ADVANCED_FACE('',(#233),#2163,.T.);
#2282=ADVANCED_FACE('',(#234),#48,.T.);
#2283=ADVANCED_FACE('',(#235),#2164,.T.);
#2284=ADVANCED_FACE('',(#236,#93,#94,#95,#96,#97),#2165,.T.);
#2285=ADVANCED_FACE('',(#237),#77,.F.);
#2286=ADVANCED_FACE('',(#238),#78,.F.);
#2287=ADVANCED_FACE('',(#239),#79,.F.);
#2288=ADVANCED_FACE('',(#240),#80,.F.);
#2289=ADVANCED_FACE('',(#241),#2166,.T.);
#2290=ADVANCED_FACE('',(#242),#2167,.T.);
#2291=ADVANCED_FACE('',(#243),#2168,.T.);
#2292=ADVANCED_FACE('',(#244),#2169,.T.);
#2293=ADVANCED_FACE('',(#245,#98,#99,#100,#101),#2170,.T.);
#2294=ADVANCED_FACE('',(#246,#102,#103,#104,#105),#2171,.F.);
#2295=ADVANCED_FACE('',(#247),#2172,.T.);
#2296=ADVANCED_FACE('',(#248),#13,.T.);
#2297=ADVANCED_FACE('',(#249),#2173,.T.);
#2298=ADVANCED_FACE('',(#250),#14,.T.);
#2299=ADVANCED_FACE('',(#251),#2174,.T.);
#2300=ADVANCED_FACE('',(#252),#2175,.T.);
#2301=ADVANCED_FACE('',(#253),#2176,.T.);
#2302=ADVANCED_FACE('',(#254),#2177,.T.);
#2303=ADVANCED_FACE('',(#255),#2178,.T.);
#2304=ADVANCED_FACE('',(#256),#2179,.T.);
#2305=ADVANCED_FACE('',(#257),#2180,.T.);
#2306=ADVANCED_FACE('',(#258),#2181,.T.);
#2307=ADVANCED_FACE('',(#259),#2182,.T.);
#2308=ADVANCED_FACE('',(#260),#2183,.T.);
#2309=ADVANCED_FACE('',(#261),#2184,.T.);
#2310=ADVANCED_FACE('',(#262),#2185,.T.);
#2311=ADVANCED_FACE('',(#263),#2186,.T.);
#2312=ADVANCED_FACE('',(#264),#2187,.T.);
#2313=ADVANCED_FACE('',(#265),#2188,.T.);
#2314=ADVANCED_FACE('',(#266),#2189,.T.);
#2315=ADVANCED_FACE('',(#267),#2190,.T.);
#2316=ADVANCED_FACE('',(#268),#2191,.T.);
#2317=ADVANCED_FACE('',(#269),#2192,.T.);
#2318=ADVANCED_FACE('',(#270),#2193,.T.);
#2319=ADVANCED_FACE('',(#271),#2194,.T.);
#2320=ADVANCED_FACE('',(#272),#2195,.T.);
#2321=ADVANCED_FACE('',(#273,#106,#107),#2196,.T.);
#2322=ADVANCED_FACE('',(#274),#2197,.F.);
#2323=CLOSED_SHELL('',(#2198,#2199,#2200,#2201,#2202,#2203,#2204,#2205,
#2206,#2207,#2208,#2209,#2210,#2211,#2212,#2213,#2214,#2215,#2216,#2217,
#2218,#2219,#2220,#2221,#2222,#2223,#2224,#2225,#2226,#2227,#2228,#2229,
#2230,#2231,#2232,#2233,#2234,#2235,#2236,#2237,#2238,#2239,#2240,#2241,
#2242,#2243,#2244,#2245,#2246,#2247,#2248,#2249,#2250,#2251,#2252,#2253,
#2254,#2255,#2256,#2257,#2258,#2259,#2260,#2261,#2262,#2263,#2264,#2265,
#2266,#2267,#2268,#2269,#2270,#2271,#2272,#2273,#2274,#2275,#2276,#2277,
#2278,#2279,#2280,#2281,#2282,#2283,#2284));
#2324=CLOSED_SHELL('',(#2285,#2286,#2287,#2288,#2289,#2290,#2291,#2292,
#2293,#2294));
#2325=CLOSED_SHELL('',(#2295,#2296));
#2326=CLOSED_SHELL('',(#2297,#2298));
#2327=CLOSED_SHELL('',(#2299,#2300,#2301,#2302,#2303,#2304,#2305,#2306,
#2307,#2308,#2309,#2310,#2311,#2312,#2313,#2314,#2315,#2316,#2317,#2318,
#2319,#2320,#2321,#2322));
#2328=DERIVED_UNIT_ELEMENT(#2330,1.);
#2329=DERIVED_UNIT_ELEMENT(#4655,-3.);
#2330=(
MASS_UNIT()
NAMED_UNIT(*)
SI_UNIT(.KILO.,.GRAM.)
);
#2331=DERIVED_UNIT((#2328,#2329));
#2332=MEASURE_REPRESENTATION_ITEM('density measure',
POSITIVE_RATIO_MEASURE(1060.),#2331);
#2333=PROPERTY_DEFINITION_REPRESENTATION(#2338,#2335);
#2334=PROPERTY_DEFINITION_REPRESENTATION(#2339,#2336);
#2335=REPRESENTATION('material name',(#2337),#4652);
#2336=REPRESENTATION('density',(#2332),#4652);
#2337=DESCRIPTIVE_REPRESENTATION_ITEM('ABS Plastic','ABS Plastic');
#2338=PROPERTY_DEFINITION('material property','material name',#4662);
#2339=PROPERTY_DEFINITION('material property','density of part',#4662);
#2340=AXIS2_PLACEMENT_3D('',#3010,#2494,#2495);
#2341=AXIS2_PLACEMENT_3D('',#3011,#2496,#2497);
#2342=AXIS2_PLACEMENT_3D('',#3014,#2498,#2499);
#2343=AXIS2_PLACEMENT_3D('',#3056,#2509,#2510);
#2344=AXIS2_PLACEMENT_3D('',#3059,#2511,#2512);
#2345=AXIS2_PLACEMENT_3D('',#3101,#2522,#2523);
#2346=AXIS2_PLACEMENT_3D('',#3110,#2528,#2529);
#2347=AXIS2_PLACEMENT_3D('',#3116,#2533,#2534);
#2348=AXIS2_PLACEMENT_3D('',#3122,#2538,#2539);
#2349=AXIS2_PLACEMENT_3D('',#3156,#2545,#2546);
#2350=AXIS2_PLACEMENT_3D('',#3157,#2547,#2548);
#2351=AXIS2_PLACEMENT_3D('',#3161,#2550,#2551);
#2352=AXIS2_PLACEMENT_3D('',#3164,#2553,#2554);
#2353=AXIS2_PLACEMENT_3D('',#3167,#2556,#2557);
#2354=AXIS2_PLACEMENT_3D('',#3171,#2559,#2560);
#2355=AXIS2_PLACEMENT_3D('',#3173,#2562,#2563);
#2356=AXIS2_PLACEMENT_3D('',#3177,#2565,#2566);
#2357=AXIS2_PLACEMENT_3D('',#3183,#2569,#2570);
#2358=AXIS2_PLACEMENT_3D('',#3189,#2573,#2574);
#2359=AXIS2_PLACEMENT_3D('',#3193,#2576,#2577);
#2360=AXIS2_PLACEMENT_3D('',#3199,#2580,#2581);
#2361=AXIS2_PLACEMENT_3D('',#3205,#2584,#2585);
#2362=AXIS2_PLACEMENT_3D('',#3208,#2587,#2588);
#2363=AXIS2_PLACEMENT_3D('',#3210,#2589,#2590);
#2364=AXIS2_PLACEMENT_3D('',#3211,#2591,#2592);
#2365=AXIS2_PLACEMENT_3D('',#3213,#2593,#2594);
#2366=AXIS2_PLACEMENT_3D('',#3216,#2596,#2597);
#2367=AXIS2_PLACEMENT_3D('',#3217,#2598,#2599);
#2368=AXIS2_PLACEMENT_3D('',#3219,#2600,#2601);
#2369=AXIS2_PLACEMENT_3D('',#3222,#2603,#2604);
#2370=AXIS2_PLACEMENT_3D('',#3223,#2605,#2606);
#2371=AXIS2_PLACEMENT_3D('',#3225,#2607,#2608);
#2372=AXIS2_PLACEMENT_3D('',#3228,#2610,#2611);
#2373=AXIS2_PLACEMENT_3D('',#3229,#2612,#2613);
#2374=AXIS2_PLACEMENT_3D('',#3231,#2614,#2615);
#2375=AXIS2_PLACEMENT_3D('',#3234,#2617,#2618);
#2376=AXIS2_PLACEMENT_3D('',#3235,#2619,#2620);
#2377=AXIS2_PLACEMENT_3D('',#3237,#2621,#2622);
#2378=AXIS2_PLACEMENT_3D('',#3240,#2624,#2625);
#2379=AXIS2_PLACEMENT_3D('',#3241,#2626,#2627);
#2380=AXIS2_PLACEMENT_3D('',#3243,#2628,#2629);
#2381=AXIS2_PLACEMENT_3D('',#3246,#2631,#2632);
#2382=AXIS2_PLACEMENT_3D('',#3247,#2633,#2634);
#2383=AXIS2_PLACEMENT_3D('',#3260,#2637,#2638);
#2384=AXIS2_PLACEMENT_3D('',#3273,#2641,#2642);
#2385=AXIS2_PLACEMENT_3D('',#3276,#2644,#2645);
#2386=AXIS2_PLACEMENT_3D('',#3277,#2646,#2647);
#2387=AXIS2_PLACEMENT_3D('',#3278,#2648,#2649);
#2388=AXIS2_PLACEMENT_3D('',#3279,#2650,#2651);
#2389=AXIS2_PLACEMENT_3D('',#3280,#2652,#2653);
#2390=AXIS2_PLACEMENT_3D('',#3283,#2655,#2656);
#2391=AXIS2_PLACEMENT_3D('',#3284,#2657,#2658);
#2392=AXIS2_PLACEMENT_3D('',#3285,#2659,#2660);
#2393=AXIS2_PLACEMENT_3D('',#3286,#2661,#2662);
#2394=AXIS2_PLACEMENT_3D('',#3287,#2663,#2664);
#2395=AXIS2_PLACEMENT_3D('',#3288,#2665,#2666);
#2396=AXIS2_PLACEMENT_3D('',#3290,#2667,#2668);
#2397=AXIS2_PLACEMENT_3D('',#3294,#2671,#2672);
#2398=AXIS2_PLACEMENT_3D('',#3295,#2673,#2674);
#2399=AXIS2_PLACEMENT_3D('',#3297,#2676,#2677);
#2400=AXIS2_PLACEMENT_3D('',#3299,#2679,#2680);
#2401=AXIS2_PLACEMENT_3D('',#3300,#2681,#2682);
#2402=AXIS2_PLACEMENT_3D('',#3302,#2683,#2684);
#2403=AXIS2_PLACEMENT_3D('',#3306,#2687,#2688);
#2404=AXIS2_PLACEMENT_3D('',#3307,#2689,#2690);
#2405=AXIS2_PLACEMENT_3D('',#3309,#2692,#2693);
#2406=AXIS2_PLACEMENT_3D('',#3311,#2695,#2696);
#2407=AXIS2_PLACEMENT_3D('',#3312,#2697,#2698);
#2408=AXIS2_PLACEMENT_3D('',#3313,#2699,#2700);
#2409=AXIS2_PLACEMENT_3D('',#3314,#2701,#2702);
#2410=AXIS2_PLACEMENT_3D('',#3355,#2703,#2704);
#2411=AXIS2_PLACEMENT_3D('',#3399,#2705,#2706);
#2412=AXIS2_PLACEMENT_3D('',#3442,#2708,#2709);
#2413=AXIS2_PLACEMENT_3D('',#3470,#2712,#2713);
#2414=AXIS2_PLACEMENT_3D('',#3716,#2719,#2720);
#2415=AXIS2_PLACEMENT_3D('',#3862,#2725,#2726);
#2416=AXIS2_PLACEMENT_3D('',#3921,#2728,#2729);
#2417=AXIS2_PLACEMENT_3D('',#3980,#2731,#2732);
#2418=AXIS2_PLACEMENT_3D('',#3982,#2734,#2735);
#2419=AXIS2_PLACEMENT_3D('',#3983,#2736,#2737);
#2420=AXIS2_PLACEMENT_3D('',#4004,#2744,#2745);
#2421=AXIS2_PLACEMENT_3D('',#4008,#2747,#2748);
#2422=AXIS2_PLACEMENT_3D('',#4010,#2750,#2751);
#2423=AXIS2_PLACEMENT_3D('',#4012,#2752,#2753);
#2424=AXIS2_PLACEMENT_3D('',#4014,#2755,#2756);
#2425=AXIS2_PLACEMENT_3D('',#4016,#2758,#2759);
#2426=AXIS2_PLACEMENT_3D('',#4018,#2761,#2762);
#2427=AXIS2_PLACEMENT_3D('',#4019,#2763,#2764);
#2428=AXIS2_PLACEMENT_3D('',#4023,#2766,#2767);
#2429=AXIS2_PLACEMENT_3D('',#4025,#2769,#2770);
#2430=AXIS2_PLACEMENT_3D('',#4029,#2773,#2774);
#2431=AXIS2_PLACEMENT_3D('',#4031,#2775,#2776);
#2432=AXIS2_PLACEMENT_3D('',#4033,#2778,#2779);
#2433=AXIS2_PLACEMENT_3D('',#4037,#2782,#2783);
#2434=AXIS2_PLACEMENT_3D('',#4039,#2785,#2786);
#2435=AXIS2_PLACEMENT_3D('',#4049,#2789,#2790);
#2436=AXIS2_PLACEMENT_3D('',#4063,#2793,#2794);
#2437=AXIS2_PLACEMENT_3D('',#4069,#2795,#2796);
#2438=AXIS2_PLACEMENT_3D('',#4077,#2798,#2799);
#2439=AXIS2_PLACEMENT_3D('',#4091,#2802,#2803);
#2440=AXIS2_PLACEMENT_3D('',#4099,#2805,#2806);
#2441=AXIS2_PLACEMENT_3D('',#4256,#2818,#2819);
#2442=AXIS2_PLACEMENT_3D('',#4355,#2827,#2828);
#2443=AXIS2_PLACEMENT_3D('',#4382,#2830,#2831);
#2444=AXIS2_PLACEMENT_3D('',#4409,#2833,#2834);
#2445=AXIS2_PLACEMENT_3D('',#4411,#2836,#2837);
#2446=AXIS2_PLACEMENT_3D('',#4412,#2838,#2839);
#2447=AXIS2_PLACEMENT_3D('',#4414,#2840,#2841);
#2448=AXIS2_PLACEMENT_3D('',#4417,#2843,#2844);
#2449=AXIS2_PLACEMENT_3D('',#4418,#2845,#2846);
#2450=AXIS2_PLACEMENT_3D('',#4420,#2847,#2848);
#2451=AXIS2_PLACEMENT_3D('',#4423,#2850,#2851);
#2452=AXIS2_PLACEMENT_3D('',#4424,#2852,#2853);
#2453=AXIS2_PLACEMENT_3D('',#4426,#2854,#2855);
#2454=AXIS2_PLACEMENT_3D('',#4429,#2857,#2858);
#2455=AXIS2_PLACEMENT_3D('',#4430,#2859,#2860);
#2456=AXIS2_PLACEMENT_3D('',#4432,#2861,#2862);
#2457=AXIS2_PLACEMENT_3D('',#4435,#2864,#2865);
#2458=AXIS2_PLACEMENT_3D('',#4436,#2866,#2867);
#2459=AXIS2_PLACEMENT_3D('',#4445,#2872,#2873);
#2460=AXIS2_PLACEMENT_3D('',#4451,#2877,#2878);
#2461=AXIS2_PLACEMENT_3D('',#4457,#2882,#2883);
#2462=AXIS2_PLACEMENT_3D('',#4460,#2886,#2887);
#2463=AXIS2_PLACEMENT_3D('',#4461,#2888,#2889);
#2464=AXIS2_PLACEMENT_3D('',#4462,#2890,#2891);
#2465=AXIS2_PLACEMENT_3D('',#4464,#2892,#2893);
#2466=AXIS2_PLACEMENT_3D('',#4493,#2894,#2895);
#2467=AXIS2_PLACEMENT_3D('',#4494,#2896,#2897);
#2468=AXIS2_PLACEMENT_3D('',#4496,#2898,#2899);
#2469=AXIS2_PLACEMENT_3D('',#4525,#2900,#2901);
#2470=AXIS2_PLACEMENT_3D('',#4526,#2902,#2903);
#2471=AXIS2_PLACEMENT_3D('',#4543,#2912,#2913);
#2472=AXIS2_PLACEMENT_3D('',#4560,#2922,#2923);
#2473=AXIS2_PLACEMENT_3D('',#4566,#2927,#2928);
#2474=AXIS2_PLACEMENT_3D('',#4570,#2931,#2932);
#2475=AXIS2_PLACEMENT_3D('',#4574,#2935,#2936);
#2476=AXIS2_PLACEMENT_3D('',#4578,#2939,#2940);
#2477=AXIS2_PLACEMENT_3D('',#4584,#2944,#2945);
#2478=AXIS2_PLACEMENT_3D('',#4588,#2948,#2949);
#2479=AXIS2_PLACEMENT_3D('',#4592,#2952,#2953);
#2480=AXIS2_PLACEMENT_3D('',#4596,#2956,#2957);
#2481=AXIS2_PLACEMENT_3D('',#4600,#2960,#2961);
#2482=AXIS2_PLACEMENT_3D('',#4604,#2964,#2965);
#2483=AXIS2_PLACEMENT_3D('',#4608,#2968,#2969);
#2484=AXIS2_PLACEMENT_3D('',#4610,#2971,#2972);
#2485=AXIS2_PLACEMENT_3D('',#4614,#2975,#2976);
#2486=AXIS2_PLACEMENT_3D('',#4618,#2979,#2980);
#2487=AXIS2_PLACEMENT_3D('',#4622,#2983,#2984);
#2488=AXIS2_PLACEMENT_3D('',#4624,#2986,#2987);
#2489=AXIS2_PLACEMENT_3D('',#4633,#2992,#2993);
#2490=AXIS2_PLACEMENT_3D('',#4639,#2997,#2998);
#2491=AXIS2_PLACEMENT_3D('',#4645,#3002,#3003);
#2492=AXIS2_PLACEMENT_3D('',#4648,#3006,#3007);
#2493=AXIS2_PLACEMENT_3D('',#4649,#3008,#3009);
#2494=DIRECTION('axis',(0.,0.,1.));
#2495=DIRECTION('refdir',(1.,0.,0.));
#2496=DIRECTION('center_axis',(0.999390827019096,0.,0.034899496702501));
#2497=DIRECTION('ref_axis',(0.,1.,0.));
#2498=DIRECTION('center_axis',(0.999390827019096,0.,0.034899496702501));
#2499=DIRECTION('ref_axis',(0.034899496702501,0.,-0.999390827019096));
#2500=DIRECTION('',(0.,-1.,0.));
#2501=DIRECTION('',(0.0348863218781306,0.0274749456436559,-0.999013549411465));
#2502=DIRECTION('',(0.,1.,0.));
#2503=DIRECTION('',(-0.0348782627423747,0.0348782627423746,0.998782765958718));
#2504=DIRECTION('',(0.,-1.,0.));
#2505=DIRECTION('',(0.0348782627423747,0.0348782627423746,-0.998782765958718));
#2506=DIRECTION('',(0.,1.,0.));
#2507=DIRECTION('',(-0.0348863218781306,0.027474945643656,0.999013549411465));
#2508=DIRECTION('',(0.,-1.,0.));
#2509=DIRECTION('center_axis',(-0.999390827019096,0.,0.034899496702501));
#2510=DIRECTION('ref_axis',(0.,-1.,0.));
#2511=DIRECTION('center_axis',(-0.999390827019096,0.,0.034899496702501));
#2512=DIRECTION('ref_axis',(0.034899496702501,0.,0.999390827019096));
#2513=DIRECTION('',(0.,-1.,0.));
#2514=DIRECTION('',(0.0348863218781306,0.027474945643656,0.999013549411465));
#2515=DIRECTION('',(0.,-1.,0.));
#2516=DIRECTION('',(0.0348782627423747,-0.0348782627423746,0.998782765958718));
#2517=DIRECTION('',(0.,1.,0.));
#2518=DIRECTION('',(-0.0348782627423747,-0.0348782627423746,-0.998782765958718));
#2519=DIRECTION('',(0.,-1.,0.));
#2520=DIRECTION('',(-0.0348863218781306,0.0274749456436559,-0.999013549411465));
#2521=DIRECTION('',(0.,-1.,0.));
#2522=DIRECTION('center_axis',(0.,0.,1.));
#2523=DIRECTION('ref_axis',(1.,0.,0.));
#2524=DIRECTION('',(0.,-1.,0.));
#2525=DIRECTION('',(1.,0.,0.));
#2526=DIRECTION('',(0.,1.,0.));
#2527=DIRECTION('',(1.,0.,0.));
#2528=DIRECTION('center_axis',(1.,0.,0.));
#2529=DIRECTION('ref_axis',(0.,1.,0.));
#2530=DIRECTION('',(0.,-0.0348994967025009,-0.999390827019096));
#2531=DIRECTION('',(0.,1.,0.));
#2532=DIRECTION('',(0.,-0.0348994967025009,-0.999390827019096));
#2533=DIRECTION('center_axis',(-1.,0.,0.));
#2534=DIRECTION('ref_axis',(0.,-1.,0.));
#2535=DIRECTION('',(0.,0.0348994967025009,0.999390827019096));
#2536=DIRECTION('',(0.,-1.,0.));
#2537=DIRECTION('',(0.,0.0348994967025009,0.999390827019096));
#2538=DIRECTION('center_axis',(0.,-0.999390827019096,0.0348994967025009));
#2539=DIRECTION('ref_axis',(1.,0.,0.));
#2540=DIRECTION('',(1.,0.,0.));
#2541=DIRECTION('',(0.0348782627423747,0.0348782627423746,0.998782765958718));
#2542=DIRECTION('',(-1.,0.,0.));
#2543=DIRECTION('',(0.0348782627423747,-0.0348782627423746,-0.998782765958718));
#2544=DIRECTION('',(1.,0.,0.));
#2545=DIRECTION('center_axis',(0.,0.,1.));
#2546=DIRECTION('ref_axis',(1.,0.,0.));
#2547=DIRECTION('center_axis',(0.,0.,1.));
#2548=DIRECTION('ref_axis',(0.707106781186547,-0.707106781186548,0.));
#2549=DIRECTION('',(0.785614781981207,0.6187159399374,0.));
#2550=DIRECTION('center_axis',(0.,0.,-1.));
#2551=DIRECTION('ref_axis',(1.,0.,0.));
#2552=DIRECTION('',(-0.785614781981206,0.618715939937402,0.));
#2553=DIRECTION('center_axis',(0.,0.,1.));
#2554=DIRECTION('ref_axis',(0.707106781186547,0.707106781186548,0.));
#2555=DIRECTION('',(-1.,-3.36431219583381E-17,0.));
#2556=DIRECTION('center_axis',(0.,0.,1.));
#2557=DIRECTION('ref_axis',(-0.707106781186547,0.707106781186548,0.));
#2558=DIRECTION('',(-0.785614781981206,-0.618715939937402,0.));
#2559=DIRECTION('center_axis',(0.,0.,-1.));
#2560=DIRECTION('ref_axis',(1.,0.,0.));
#2561=DIRECTION('',(0.785614781981207,-0.6187159399374,0.));
#2562=DIRECTION('center_axis',(0.,0.,1.));
#2563=DIRECTION('ref_axis',(-0.707106781186547,-0.707106781186548,0.));
#2564=DIRECTION('',(-1.,0.,0.));
#2565=DIRECTION('center_axis',(0.,0.,1.));
#2566=DIRECTION('ref_axis',(-0.707106781186547,-0.707106781186548,0.));
#2567=DIRECTION('',(0.,1.,0.));
#2568=DIRECTION('',(-0.785614781981207,0.6187159399374,0.));
#2569=DIRECTION('center_axis',(0.,0.,1.));
#2570=DIRECTION('ref_axis',(1.,0.,0.));
#2571=DIRECTION('',(-0.785614781981206,-0.618715939937402,0.));
#2572=DIRECTION('',(0.,1.,0.));
#2573=DIRECTION('center_axis',(0.,0.,1.));
#2574=DIRECTION('ref_axis',(-0.707106781186547,0.707106781186548,0.));
#2575=DIRECTION('',(1.,3.36431219583381E-17,0.));
#2576=DIRECTION('center_axis',(0.,0.,1.));
#2577=DIRECTION('ref_axis',(0.707106781186547,0.707106781186548,0.));
#2578=DIRECTION('',(0.,-1.,0.));
#2579=DIRECTION('',(0.785614781981206,-0.618715939937402,0.));
#2580=DIRECTION('center_axis',(0.,0.,1.));
#2581=DIRECTION('ref_axis',(1.,0.,0.));
#2582=DIRECTION('',(0.785614781981207,0.6187159399374,0.));
#2583=DIRECTION('',(0.,-1.,0.));
#2584=DIRECTION('center_axis',(0.,0.,1.));
#2585=DIRECTION('ref_axis',(0.707106781186547,-0.707106781186548,0.));
#2586=DIRECTION('',(-1.,0.,0.));
#2587=DIRECTION('center_axis',(0.,0.,-1.));
#2588=DIRECTION('ref_axis',(1.,0.,0.));
#2589=DIRECTION('center_axis',(0.,0.,-1.));
#2590=DIRECTION('ref_axis',(1.,0.,0.));
#2591=DIRECTION('center_axis',(0.,0.,-1.));
#2592=DIRECTION('ref_axis',(-1.,0.,0.));
#2593=DIRECTION('center_axis',(0.,0.,-1.));
#2594=DIRECTION('ref_axis',(-1.,0.,0.));
#2595=DIRECTION('',(0.,0.,-1.));
#2596=DIRECTION('center_axis',(0.,0.,1.));
#2597=DIRECTION('ref_axis',(-1.,0.,0.));
#2598=DIRECTION('center_axis',(0.,0.,-1.));
#2599=DIRECTION('ref_axis',(-1.,0.,0.));
#2600=DIRECTION('center_axis',(0.,0.,-1.));
#2601=DIRECTION('ref_axis',(-1.,0.,0.));
#2602=DIRECTION('',(0.,0.,-1.));
#2603=DIRECTION('center_axis',(0.,0.,1.));
#2604=DIRECTION('ref_axis',(-1.,0.,0.));
#2605=DIRECTION('center_axis',(0.,0.,-1.));
#2606=DIRECTION('ref_axis',(-1.,0.,0.));
#2607=DIRECTION('center_axis',(0.,0.,-1.));
#2608=DIRECTION('ref_axis',(-1.,0.,0.));
#2609=DIRECTION('',(0.,0.,-1.));
#2610=DIRECTION('center_axis',(0.,0.,1.));
#2611=DIRECTION('ref_axis',(-1.,0.,0.));
#2612=DIRECTION('center_axis',(0.,0.,-1.));
#2613=DIRECTION('ref_axis',(-1.,0.,0.));
#2614=DIRECTION('center_axis',(0.,0.,-1.));
#2615=DIRECTION('ref_axis',(-1.,0.,0.));
#2616=DIRECTION('',(0.,0.,-1.));
#2617=DIRECTION('center_axis',(0.,0.,1.));
#2618=DIRECTION('ref_axis',(-1.,0.,0.));
#2619=DIRECTION('center_axis',(0.,0.,-1.));
#2620=DIRECTION('ref_axis',(-1.,0.,0.));
#2621=DIRECTION('center_axis',(0.,0.,1.));
#2622=DIRECTION('ref_axis',(-1.,0.,0.));
#2623=DIRECTION('',(0.,0.,-1.));
#2624=DIRECTION('center_axis',(0.,0.,1.));
#2625=DIRECTION('ref_axis',(-1.,0.,0.));
#2626=DIRECTION('center_axis',(0.,0.,-1.));
#2627=DIRECTION('ref_axis',(-1.,0.,0.));
#2628=DIRECTION('center_axis',(0.,0.,1.));
#2629=DIRECTION('ref_axis',(-1.,0.,0.));
#2630=DIRECTION('',(0.,0.,-1.));
#2631=DIRECTION('center_axis',(0.,0.,1.));
#2632=DIRECTION('ref_axis',(-1.,0.,0.));
#2633=DIRECTION('center_axis',(0.,0.999390827019096,-0.034899496702501));
#2634=DIRECTION('ref_axis',(-1.,0.,0.));
#2635=DIRECTION('',(1.,0.,0.));
#2636=DIRECTION('',(1.,0.,0.));
#2637=DIRECTION('center_axis',(0.,-0.999390827019096,-0.034899496702501));
#2638=DIRECTION('ref_axis',(1.,0.,0.));
#2639=DIRECTION('',(-1.,0.,0.));
#2640=DIRECTION('',(-1.,0.,0.));
#2641=DIRECTION('center_axis',(0.,0.,1.));
#2642=DIRECTION('ref_axis',(-1.,0.,0.));
#2643=DIRECTION('',(0.034899496702501,4.27395569285714E-18,0.999390827019096));
#2644=DIRECTION('center_axis',(0.,0.,-1.));
#2645=DIRECTION('ref_axis',(-1.,0.,0.));
#2646=DIRECTION('center_axis',(0.,0.,-1.));
#2647=DIRECTION('ref_axis',(1.,-1.22464679914735E-16,0.));
#2648=DIRECTION('center_axis',(0.,0.,-1.));
#2649=DIRECTION('ref_axis',(-1.,0.,0.));
#2650=DIRECTION('center_axis',(0.,0.,-1.));
#2651=DIRECTION('ref_axis',(-1.,0.,0.));
#2652=DIRECTION('center_axis',(0.,0.,1.));
#2653=DIRECTION('ref_axis',(-1.,0.,0.));
#2654=DIRECTION('',(0.034899496702501,4.27395569285714E-18,0.999390827019096));
#2655=DIRECTION('center_axis',(0.,0.,-1.));
#2656=DIRECTION('ref_axis',(-1.,0.,0.));
#2657=DIRECTION('center_axis',(0.,0.,-1.));
#2658=DIRECTION('ref_axis',(-1.,0.,0.));
#2659=DIRECTION('center_axis',(0.,0.,-1.));
#2660=DIRECTION('ref_axis',(-1.,0.,0.));
#2661=DIRECTION('center_axis',(0.,0.,-1.));
#2662=DIRECTION('ref_axis',(-1.,0.,0.));
#2663=DIRECTION('center_axis',(0.,0.,1.));
#2664=DIRECTION('ref_axis',(1.,0.,0.));
#2665=DIRECTION('center_axis',(0.,0.,1.));
#2666=DIRECTION('ref_axis',(1.,0.,0.));
#2667=DIRECTION('center_axis',(0.,0.,1.));
#2668=DIRECTION('ref_axis',(1.,0.,0.));
#2669=DIRECTION('',(0.,0.,1.));
#2670=DIRECTION('',(0.,0.,-1.));
#2671=DIRECTION('center_axis',(0.,0.,1.));
#2672=DIRECTION('ref_axis',(1.,0.,0.));
#2673=DIRECTION('center_axis',(0.,0.,1.));
#2674=DIRECTION('ref_axis',(1.,0.,0.));
#2675=DIRECTION('',(-0.785614781981207,0.6187159399374,0.));
#2676=DIRECTION('center_axis',(0.,0.,1.));
#2677=DIRECTION('ref_axis',(1.,0.,0.));
#2678=DIRECTION('',(0.785614781981206,0.618715939937402,0.));
#2679=DIRECTION('center_axis',(-0.618715939937402,0.785614781981206,0.));
#2680=DIRECTION('ref_axis',(-0.785614781981206,-0.618715939937402,0.));
#2681=DIRECTION('center_axis',(0.,0.,1.));
#2682=DIRECTION('ref_axis',(-1.,-1.89882151931499E-15,0.));
#2683=DIRECTION('center_axis',(0.,0.,1.));
#2684=DIRECTION('ref_axis',(1.,0.,0.));
#2685=DIRECTION('',(0.,0.,1.));
#2686=DIRECTION('',(0.,0.,-1.));
#2687=DIRECTION('center_axis',(0.,0.,1.));
#2688=DIRECTION('ref_axis',(1.,0.,0.));
#2689=DIRECTION('center_axis',(0.,0.,1.));
#2690=DIRECTION('ref_axis',(1.,0.,0.));
#2691=DIRECTION('',(-0.785614781981206,0.618715939937402,0.));
#2692=DIRECTION('center_axis',(0.,0.,1.));
#2693=DIRECTION('ref_axis',(1.,0.,0.));
#2694=DIRECTION('',(-0.785614781981207,-0.6187159399374,0.));
#2695=DIRECTION('center_axis',(0.618715939937402,0.785614781981206,0.));
#2696=DIRECTION('ref_axis',(-0.785614781981206,0.618715939937402,0.));
#2697=DIRECTION('center_axis',(0.6187159399374,-0.785614781981207,0.));
#2698=DIRECTION('ref_axis',(0.785614781981207,0.6187159399374,0.));
#2699=DIRECTION('center_axis',(-0.6187159399374,-0.785614781981207,0.));
#2700=DIRECTION('ref_axis',(0.785614781981207,-0.6187159399374,0.));
#2701=DIRECTION('center_axis',(0.0348782627423747,0.0348782627423746,0.998782765958718));
#2702=DIRECTION('ref_axis',(-0.706246066741665,-0.706246066741667,0.0493253122022784));
#2703=DIRECTION('center_axis',(-0.0348782627423747,0.0348782627423746,0.998782765958718));
#2704=DIRECTION('ref_axis',(0.706246066741666,-0.706246066741667,0.0493253122022784));
#2705=DIRECTION('center_axis',(-0.0348782627423747,-0.0348782627423746,
0.998782765958718));
#2706=DIRECTION('ref_axis',(0.706246066741665,0.706246066741667,0.0493253122022784));
#2707=DIRECTION('',(-0.0348782627423747,-0.0348782627423746,0.998782765958718));
#2708=DIRECTION('center_axis',(-3.36226274774478E-17,0.999390827019096,
0.0348994967025009));
#2709=DIRECTION('ref_axis',(-1.,-3.36431219583381E-17,0.));
#2710=DIRECTION('',(1.,3.36431219583381E-17,-1.39804026654277E-32));
#2711=DIRECTION('',(-0.0348782627423747,0.0348782627423746,-0.998782765958718));
#2712=DIRECTION('center_axis',(0.0348782627423747,-0.0348782627423746,0.998782765958718));
#2713=DIRECTION('ref_axis',(-0.706246066741666,0.706246066741667,0.0493253122022784));
#2714=DIRECTION('',(-0.471886561698164,0.,0.881659272558671));
#2715=DIRECTION('',(0.471886561698164,0.,-0.881659272558671));
#2716=DIRECTION('',(0.,0.471886561698164,-0.881659272558671));
#2717=DIRECTION('',(0.,0.471886561698164,0.881659272558671));
#2718=DIRECTION('',(0.,-0.471886561698164,0.881659272558671));
#2719=DIRECTION('center_axis',(-2.9661770432391E-17,0.881659272558671,0.471886561698164));
#2720=DIRECTION('ref_axis',(0.,-0.471886561698164,0.881659272558671));
#2721=DIRECTION('',(1.,3.36431219583381E-17,0.));
#2722=DIRECTION('',(0.,-0.471886561698164,-0.881659272558671));
#2723=DIRECTION('',(-0.471886561698164,0.,-0.881659272558671));
#2724=DIRECTION('',(0.471886561698164,0.,0.881659272558671));
#2725=DIRECTION('center_axis',(-0.881659272558671,0.,0.471886561698164));
#2726=DIRECTION('ref_axis',(0.471886561698164,0.,0.881659272558671));
#2727=DIRECTION('',(0.,1.,0.));
#2728=DIRECTION('center_axis',(0.,-0.881659272558671,0.471886561698164));
#2729=DIRECTION('ref_axis',(0.,-0.471886561698164,-0.881659272558671));
#2730=DIRECTION('',(-1.,0.,0.));
#2731=DIRECTION('center_axis',(0.881659272558671,0.,0.471886561698164));
#2732=DIRECTION('ref_axis',(0.471886561698164,0.,-0.881659272558671));
#2733=DIRECTION('',(0.,-1.,0.));
#2734=DIRECTION('center_axis',(0.,0.,1.));
#2735=DIRECTION('ref_axis',(1.,0.,0.));
#2736=DIRECTION('center_axis',(0.999390827019096,0.,0.034899496702501));
#2737=DIRECTION('ref_axis',(0.,1.,0.));
#2738=DIRECTION('',(-0.0348782627423747,0.0348782627423746,0.998782765958718));
#2739=DIRECTION('',(-0.0348863218781306,-0.0274749456436559,0.999013549411465));
#2740=DIRECTION('',(0.,1.,0.));
#2741=DIRECTION('',(0.0348863218781306,-0.027474945643656,-0.999013549411465));
#2742=DIRECTION('',(0.0348782627423747,0.0348782627423746,-0.998782765958718));
#2743=DIRECTION('',(0.,1.,0.));
#2744=DIRECTION('center_axis',(0.,0.,1.));
#2745=DIRECTION('ref_axis',(1.,0.,0.));
#2746=DIRECTION('',(0.,0.,1.));
#2747=DIRECTION('center_axis',(0.,0.,1.));
#2748=DIRECTION('ref_axis',(1.,0.,0.));
#2749=DIRECTION('',(0.,0.,1.));
#2750=DIRECTION('center_axis',(0.,0.,1.));
#2751=DIRECTION('ref_axis',(1.,0.,0.));
#2752=DIRECTION('center_axis',(0.,0.,-1.));
#2753=DIRECTION('ref_axis',(1.,0.,0.));
#2754=DIRECTION('',(0.,0.,-1.));
#2755=DIRECTION('center_axis',(0.6187159399374,-0.785614781981207,0.));
#2756=DIRECTION('ref_axis',(0.785614781981207,0.6187159399374,0.));
#2757=DIRECTION('',(0.785614781981207,0.6187159399374,0.));
#2758=DIRECTION('center_axis',(0.,0.,1.));
#2759=DIRECTION('ref_axis',(1.,0.,0.));
#2760=DIRECTION('',(-0.785614781981206,0.618715939937402,0.));
#2761=DIRECTION('center_axis',(0.618715939937402,0.785614781981206,0.));
#2762=DIRECTION('ref_axis',(-0.785614781981206,0.618715939937402,0.));
#2763=DIRECTION('center_axis',(0.,0.,1.));
#2764=DIRECTION('ref_axis',(-1.,3.67517835871524E-15,0.));
#2765=DIRECTION('',(0.,0.,1.));
#2766=DIRECTION('center_axis',(0.,0.,1.));
#2767=DIRECTION('ref_axis',(1.,0.,0.));
#2768=DIRECTION('',(0.,0.,1.));
#2769=DIRECTION('center_axis',(-0.6187159399374,-0.785614781981207,0.));
#2770=DIRECTION('ref_axis',(0.785614781981207,-0.6187159399374,0.));
#2771=DIRECTION('',(-0.0348863218781306,0.0274749456436559,-0.999013549411465));
#2772=DIRECTION('',(0.785614781981207,-0.6187159399374,0.));
#2773=DIRECTION('center_axis',(0.,0.,1.));
#2774=DIRECTION('ref_axis',(1.,0.,0.));
#2775=DIRECTION('center_axis',(0.,0.,-1.));
#2776=DIRECTION('ref_axis',(1.,0.,0.));
#2777=DIRECTION('',(0.,0.,-1.));
#2778=DIRECTION('center_axis',(-0.618715939937402,0.785614781981206,0.));
#2779=DIRECTION('ref_axis',(-0.785614781981206,-0.618715939937402,0.));
#2780=DIRECTION('',(0.0348863218781306,0.027474945643656,0.999013549411465));
#2781=DIRECTION('',(-0.785614781981206,-0.618715939937402,0.));
#2782=DIRECTION('center_axis',(0.,0.,1.));
#2783=DIRECTION('ref_axis',(1.,0.,0.));
#2784=DIRECTION('',(0.,-1.,0.));
#2785=DIRECTION('center_axis',(0.0348782627423747,0.0348782627423746,0.998782765958718));
#2786=DIRECTION('ref_axis',(-0.706246066741665,-0.706246066741667,0.0493253122022784));
#2787=DIRECTION('',(-0.0348782627423747,-0.0348782627423746,-0.998782765958718));
#2788=DIRECTION('',(0.0348782627423747,0.0348782627423746,0.998782765958718));
#2789=DIRECTION('center_axis',(0.,-0.999390827019096,0.0348994967025009));
#2790=DIRECTION('ref_axis',(1.,0.,0.));
#2791=DIRECTION('',(0.0348782627423747,-0.0348782627423746,-0.998782765958718));
#2792=DIRECTION('',(1.,0.,0.));
#2793=DIRECTION('center_axis',(-0.0348782627423747,0.0348782627423746,0.998782765958718));
#2794=DIRECTION('ref_axis',(0.706246066741666,-0.706246066741667,0.0493253122022784));
#2795=DIRECTION('center_axis',(-0.0348782627423747,-0.0348782627423746,
0.998782765958718));
#2796=DIRECTION('ref_axis',(0.706246066741665,0.706246066741667,0.0493253122022784));
#2797=DIRECTION('',(-0.0348782627423747,-0.0348782627423746,0.998782765958718));
#2798=DIRECTION('center_axis',(-3.36226274774478E-17,0.999390827019096,
0.0348994967025009));
#2799=DIRECTION('ref_axis',(-1.,-3.36431219583381E-17,0.));
#2800=DIRECTION('',(-0.0348782627423747,0.0348782627423746,-0.998782765958718));
#2801=DIRECTION('',(-1.,-3.36431219583381E-17,0.));
#2802=DIRECTION('center_axis',(0.0348782627423747,-0.0348782627423746,0.998782765958718));
#2803=DIRECTION('ref_axis',(-0.706246066741666,0.706246066741667,0.0493253122022784));
#2804=DIRECTION('',(0.0348782627423747,-0.0348782627423746,0.998782765958718));
#2805=DIRECTION('center_axis',(-0.999390827019096,0.,0.034899496702501));
#2806=DIRECTION('ref_axis',(0.,-1.,0.));
#2807=DIRECTION('',(0.,-1.,0.));
#2808=DIRECTION('',(-0.471886561698164,0.,0.881659272558671));
#2809=DIRECTION('',(0.472028662270315,0.0159093086535487,-0.881439638258606));
#2810=DIRECTION('',(-0.472028662270315,0.0159093086535487,0.881439638258606));
#2811=DIRECTION('',(0.471886561698164,0.,-0.881659272558671));
#2812=DIRECTION('',(-0.0159093086535487,-0.472028662270315,0.881439638258607));
#2813=DIRECTION('',(0.,0.471886561698164,-0.881659272558671));
#2814=DIRECTION('',(0.,0.471886561698164,0.881659272558671));
#2815=DIRECTION('',(0.0159093086535487,-0.472028662270315,-0.881439638258607));
#2816=DIRECTION('',(0.,-0.471886561698164,0.881659272558671));
#2817=DIRECTION('',(-0.0159093086535487,0.472028662270315,-0.881439638258607));
#2818=DIRECTION('center_axis',(-2.9661770432391E-17,0.881659272558671,0.471886561698164));
#2819=DIRECTION('ref_axis',(0.,-0.471886561698164,0.881659272558671));
#2820=DIRECTION('',(1.,3.36431219583381E-17,0.));
#2821=DIRECTION('',(0.0159093086535487,0.472028662270314,0.881439638258607));
#2822=DIRECTION('',(0.,-0.471886561698164,-0.881659272558671));
#2823=DIRECTION('',(0.472028662270314,-0.0159093086535487,0.881439638258607));
#2824=DIRECTION('',(-0.471886561698164,0.,-0.881659272558671));
#2825=DIRECTION('',(0.471886561698164,0.,0.881659272558671));
#2826=DIRECTION('',(-0.472028662270315,-0.0159093086535487,-0.881439638258606));
#2827=DIRECTION('center_axis',(-0.881659272558671,0.,0.471886561698164));
#2828=DIRECTION('ref_axis',(0.471886561698164,0.,0.881659272558671));
#2829=DIRECTION('',(0.,1.,0.));
#2830=DIRECTION('center_axis',(0.,-0.881659272558671,0.471886561698164));
#2831=DIRECTION('ref_axis',(0.,-0.471886561698164,-0.881659272558671));
#2832=DIRECTION('',(-1.,0.,0.));
#2833=DIRECTION('center_axis',(0.881659272558671,0.,0.471886561698164));
#2834=DIRECTION('ref_axis',(0.471886561698164,0.,-0.881659272558671));
#2835=DIRECTION('',(0.,-1.,0.));
#2836=DIRECTION('center_axis',(0.,0.,1.));
#2837=DIRECTION('ref_axis',(1.,0.,0.));
#2838=DIRECTION('center_axis',(0.,0.,1.));
#2839=DIRECTION('ref_axis',(1.,0.,0.));
#2840=DIRECTION('center_axis',(0.,0.,-1.));
#2841=DIRECTION('ref_axis',(1.,0.,0.));
#2842=DIRECTION('',(0.,0.,-1.));
#2843=DIRECTION('center_axis',(0.,0.,1.));
#2844=DIRECTION('ref_axis',(1.,0.,0.));
#2845=DIRECTION('center_axis',(0.,0.,1.));
#2846=DIRECTION('ref_axis',(1.,0.,0.));
#2847=DIRECTION('center_axis',(0.,0.,-1.));
#2848=DIRECTION('ref_axis',(1.,0.,0.));
#2849=DIRECTION('',(0.,0.,-1.));
#2850=DIRECTION('center_axis',(0.,0.,1.));
#2851=DIRECTION('ref_axis',(1.,0.,0.));
#2852=DIRECTION('center_axis',(0.,0.,1.));
#2853=DIRECTION('ref_axis',(1.,0.,0.));
#2854=DIRECTION('center_axis',(0.,0.,-1.));
#2855=DIRECTION('ref_axis',(1.,0.,0.));
#2856=DIRECTION('',(0.,0.,-1.));
#2857=DIRECTION('center_axis',(0.,0.,1.));
#2858=DIRECTION('ref_axis',(1.,0.,0.));
#2859=DIRECTION('center_axis',(0.,0.,1.));
#2860=DIRECTION('ref_axis',(1.,0.,0.));
#2861=DIRECTION('center_axis',(0.,0.,-1.));
#2862=DIRECTION('ref_axis',(1.,0.,0.));
#2863=DIRECTION('',(0.,0.,-1.));
#2864=DIRECTION('center_axis',(0.,0.,1.));
#2865=DIRECTION('ref_axis',(1.,0.,0.));
#2866=DIRECTION('center_axis',(-1.,8.38096945836041E-16,0.));
#2867=DIRECTION('ref_axis',(-8.38096945836041E-16,-1.,0.));
#2868=DIRECTION('',(8.38096945836041E-16,1.,0.));
#2869=DIRECTION('',(0.,0.,1.));
#2870=DIRECTION('',(-8.38096945836041E-16,-1.,0.));
#2871=DIRECTION('',(0.,0.,1.));
#2872=DIRECTION('center_axis',(-7.76445930253974E-17,1.,0.));
#2873=DIRECTION('ref_axis',(-1.,-7.76445930253974E-17,0.));
#2874=DIRECTION('',(1.,7.76445930253974E-17,0.));
#2875=DIRECTION('',(-1.,-7.76445930253974E-17,0.));
#2876=DIRECTION('',(0.,0.,1.));
#2877=DIRECTION('center_axis',(1.,-4.1904847291802E-16,0.));
#2878=DIRECTION('ref_axis',(4.1904847291802E-16,1.,0.));
#2879=DIRECTION('',(-4.1904847291802E-16,-1.,0.));
#2880=DIRECTION('',(4.1904847291802E-16,1.,0.));
#2881=DIRECTION('',(0.,0.,1.));
#2882=DIRECTION('center_axis',(0.,-1.,0.));
#2883=DIRECTION('ref_axis',(1.,0.,0.));
#2884=DIRECTION('',(-1.,0.,0.));
#2885=DIRECTION('',(1.,0.,0.));
#2886=DIRECTION('center_axis',(0.,0.,-1.));
#2887=DIRECTION('ref_axis',(1.,0.,0.));
#2888=DIRECTION('center_axis',(0.,0.,-1.));
#2889=DIRECTION('ref_axis',(1.,0.,0.));
#2890=DIRECTION('center_axis',(0.,0.,-1.));
#2891=DIRECTION('ref_axis',(-1.,0.,0.));
#2892=DIRECTION('center_axis',(0.,0.,1.));
#2893=DIRECTION('ref_axis',(1.,0.,0.));
#2894=DIRECTION('center_axis',(0.,1.,0.));
#2895=DIRECTION('ref_axis',(1.,0.,0.));
#2896=DIRECTION('center_axis',(-1.11022302462516E-16,0.,-1.));
#2897=DIRECTION('ref_axis',(-1.,0.,1.11022302462516E-16));
#2898=DIRECTION('center_axis',(1.11022302462516E-16,0.,1.));
#2899=DIRECTION('ref_axis',(1.,0.,-1.11022302462516E-16));
#2900=DIRECTION('center_axis',(0.,1.,0.));
#2901=DIRECTION('ref_axis',(1.,0.,-3.46944695195361E-18));
#2902=DIRECTION('center_axis',(3.86902086843293E-34,-0.999390827019096,
0.0348994967025009));
#2903=DIRECTION('ref_axis',(-1.,-6.30133106624722E-19,-1.8044651243256E-17));
#2904=DIRECTION('',(-6.75833740133188E-16,-0.0348994967025009,-0.999390827019096));
#2905=DIRECTION('',(1.,6.30133106624722E-19,1.8044651243256E-17));
#2906=DIRECTION('',(2.13240813206029E-16,0.0348994967025009,0.999390827019096));
#2907=DIRECTION('',(-1.,1.82667771484212E-17,5.23092057084766E-16));
#2908=DIRECTION('',(-4.44537276669603E-16,-0.0348994967025009,-0.999390827019096));
#2909=DIRECTION('',(1.,6.30133106624722E-19,1.8044651243256E-17));
#2910=DIRECTION('',(1.36972313052391E-15,0.0348994967025009,0.999390827019096));
#2911=DIRECTION('',(1.,-3.03569308624623E-17,-8.69308761069429E-16));
#2912=DIRECTION('center_axis',(3.86902086843293E-34,-0.999390827019096,
0.0348994967025009));
#2913=DIRECTION('ref_axis',(-1.,-6.30133106624722E-19,-1.8044651243256E-17));
#2914=DIRECTION('',(-1.80556502575456E-17,0.0348994967025009,0.999390827019096));
#2915=DIRECTION('',(-1.,-6.30133106624722E-19,-1.8044651243256E-17));
#2916=DIRECTION('',(-9.75925814742414E-17,-0.0348994967025009,-0.999390827019096));
#2917=DIRECTION('',(-1.,1.29631256594945E-17,3.71215349723548E-16));
#2918=DIRECTION('',(-1.80556502575456E-17,0.0348994967025009,0.999390827019096));
#2919=DIRECTION('',(-1.,-6.30133106624722E-19,-1.8044651243256E-17));
#2920=DIRECTION('',(1.80556502575456E-17,-0.0348994967025009,-0.999390827019096));
#2921=DIRECTION('',(1.,6.30133106624722E-19,1.8044651243256E-17));
#2922=DIRECTION('center_axis',(-1.,1.55141272212695E-17,4.44266476571651E-16));
#2923=DIRECTION('ref_axis',(4.44537276669603E-16,0.0348994967025009,0.999390827019096));
#2924=DIRECTION('',(-3.86902086843293E-34,0.999390827019096,-0.0348994967025009));
#2925=DIRECTION('',(4.44537276669603E-16,0.0348994967025009,0.999390827019096));
#2926=DIRECTION('',(-3.86902086843293E-34,0.999390827019096,-0.0348994967025009));
#2927=DIRECTION('center_axis',(5.23410904865921E-16,0.0348994967025009,
0.999390827019096));
#2928=DIRECTION('ref_axis',(1.,-1.82667771484212E-17,-5.23092057084766E-16));
#2929=DIRECTION('',(-3.86902086843293E-34,0.999390827019096,-0.0348994967025009));
#2930=DIRECTION('',(1.,-1.82667771484212E-17,-5.23092057084766E-16));
#2931=DIRECTION('center_axis',(1.,-7.44199705732242E-18,-2.13110912664198E-16));
#2932=DIRECTION('ref_axis',(-2.13240813206029E-16,-0.0348994967025009,-0.999390827019096));
#2933=DIRECTION('',(-3.86902086843293E-34,0.999390827019096,-0.0348994967025009));
#2934=DIRECTION('',(-2.13240813206029E-16,-0.0348994967025009,-0.999390827019096));
#2935=DIRECTION('center_axis',(1.80556502575456E-17,-0.0348994967025009,
-0.999390827019096));
#2936=DIRECTION('ref_axis',(-1.,-6.30133106624722E-19,-1.8044651243256E-17));
#2937=DIRECTION('',(-3.86902086843293E-34,0.999390827019096,-0.0348994967025009));
#2938=DIRECTION('',(-1.,-6.30133106624722E-19,-1.8044651243256E-17));
#2939=DIRECTION('center_axis',(1.,6.30133106624722E-19,1.8044651243256E-17));
#2940=DIRECTION('ref_axis',(1.80556502575456E-17,-0.0348994967025009,-0.999390827019096));
#2941=DIRECTION('',(-3.86902086843293E-34,0.999390827019096,-0.0348994967025009));
#2942=DIRECTION('',(1.80556502575456E-17,-0.0348994967025009,-0.999390827019096));
#2943=DIRECTION('',(-3.86902086843293E-34,0.999390827019096,-0.0348994967025009));
#2944=DIRECTION('center_axis',(3.71441621923607E-16,0.0348994967025009,
0.999390827019096));
#2945=DIRECTION('ref_axis',(1.,-1.29631256594945E-17,-3.71215349723548E-16));
#2946=DIRECTION('',(-3.86902086843293E-34,0.999390827019096,-0.0348994967025009));
#2947=DIRECTION('',(1.,-1.29631256594945E-17,-3.71215349723548E-16));
#2948=DIRECTION('center_axis',(-1.,3.40593197534885E-18,9.75331307104707E-17));
#2949=DIRECTION('ref_axis',(9.75925814742414E-17,0.0348994967025009,0.999390827019096));
#2950=DIRECTION('',(-3.86902086843293E-34,0.999390827019096,-0.0348994967025009));
#2951=DIRECTION('',(9.75925814742414E-17,0.0348994967025009,0.999390827019096));
#2952=DIRECTION('center_axis',(-1.80556502575456E-17,0.0348994967025009,
0.999390827019096));
#2953=DIRECTION('ref_axis',(1.,6.30133106624722E-19,1.8044651243256E-17));
#2954=DIRECTION('',(-3.86902086843293E-34,0.999390827019096,-0.0348994967025009));
#2955=DIRECTION('',(1.,6.30133106624722E-19,1.8044651243256E-17));
#2956=DIRECTION('center_axis',(1.,6.30133106624722E-19,1.8044651243256E-17));
#2957=DIRECTION('ref_axis',(1.80556502575456E-17,-0.0348994967025009,-0.999390827019096));
#2958=DIRECTION('',(-3.86902086843293E-34,0.999390827019096,-0.0348994967025009));
#2959=DIRECTION('',(1.80556502575456E-17,-0.0348994967025009,-0.999390827019096));
#2960=DIRECTION('center_axis',(1.80556502575456E-17,-0.0348994967025009,
-0.999390827019096));
#2961=DIRECTION('ref_axis',(-1.,-6.30133106624722E-19,-1.8044651243256E-17));
#2962=DIRECTION('',(-3.86902086843293E-34,0.999390827019096,-0.0348994967025009));
#2963=DIRECTION('',(-1.,-6.30133106624722E-19,-1.8044651243256E-17));
#2964=DIRECTION('center_axis',(-1.,-6.30133106624722E-19,-1.8044651243256E-17));
#2965=DIRECTION('ref_axis',(-1.80556502575456E-17,0.0348994967025009,0.999390827019096));
#2966=DIRECTION('',(-3.86902086843293E-34,0.999390827019096,-0.0348994967025009));
#2967=DIRECTION('',(-1.80556502575456E-17,0.0348994967025009,0.999390827019096));
#2968=DIRECTION('center_axis',(-1.80556502575456E-17,0.0348994967025009,
0.999390827019096));
#2969=DIRECTION('ref_axis',(1.,6.30133106624722E-19,1.8044651243256E-17));
#2970=DIRECTION('',(1.,6.30133106624722E-19,1.8044651243256E-17));
#2971=DIRECTION('center_axis',(-1.,2.35862573852171E-17,6.75422040479116E-16));
#2972=DIRECTION('ref_axis',(6.75833740133188E-16,0.0348994967025009,0.999390827019096));
#2973=DIRECTION('',(-3.86902086843293E-34,0.999390827019096,-0.0348994967025009));
#2974=DIRECTION('',(6.75833740133188E-16,0.0348994967025009,0.999390827019096));
#2975=DIRECTION('center_axis',(-8.69838643268654E-16,-0.0348994967025009,
-0.999390827019096));
#2976=DIRECTION('ref_axis',(-1.,3.03569308624623E-17,8.69308761069429E-16));
#2977=DIRECTION('',(-3.86902086843293E-34,0.999390827019096,-0.0348994967025009));
#2978=DIRECTION('',(-1.,3.03569308624623E-17,8.69308761069429E-16));
#2979=DIRECTION('center_axis',(1.,-4.78026478770586E-17,-1.36888873220148E-15));
#2980=DIRECTION('ref_axis',(-1.36972313052391E-15,-0.0348994967025009,-0.999390827019096));
#2981=DIRECTION('',(-3.86902086843293E-34,0.999390827019096,-0.0348994967025009));
#2982=DIRECTION('',(-1.36972313052391E-15,-0.0348994967025009,-0.999390827019096));
#2983=DIRECTION('center_axis',(1.80556502575456E-17,-0.0348994967025009,
-0.999390827019096));
#2984=DIRECTION('ref_axis',(-1.,-6.30133106624722E-19,-1.8044651243256E-17));
#2985=DIRECTION('',(-1.,-6.30133106624722E-19,-1.8044651243256E-17));
#2986=DIRECTION('center_axis',(-1.80556502575456E-17,0.0348994967025009,
0.999390827019096));
#2987=DIRECTION('ref_axis',(1.,6.30133106624722E-19,1.8044651243256E-17));
#2988=DIRECTION('',(1.,6.30133106624722E-19,1.8044651243256E-17));
#2989=DIRECTION('',(-3.86902086843293E-34,0.999390827019096,-0.0348994967025009));
#2990=DIRECTION('',(1.,6.30133106624722E-19,1.8044651243256E-17));
#2991=DIRECTION('',(-3.86902086843293E-34,0.999390827019096,-0.0348994967025009));
#2992=DIRECTION('center_axis',(-1.,-6.30133106624722E-19,-1.8044651243256E-17));
#2993=DIRECTION('ref_axis',(-1.80556502575456E-17,0.0348994967025009,0.999390827019096));
#2994=DIRECTION('',(-1.80556502575456E-17,0.0348994967025009,0.999390827019096));
#2995=DIRECTION('',(-3.86902086843293E-34,0.999390827019096,-0.0348994967025009));
#2996=DIRECTION('',(-1.80556502575456E-17,0.0348994967025009,0.999390827019096));
#2997=DIRECTION('center_axis',(1.80556502575456E-17,-0.0348994967025009,
-0.999390827019096));
#2998=DIRECTION('ref_axis',(-1.,-6.30133106624722E-19,-1.8044651243256E-17));
#2999=DIRECTION('',(-1.,-6.30133106624722E-19,-1.8044651243256E-17));
#3000=DIRECTION('',(-3.86902086843293E-34,0.999390827019096,-0.0348994967025009));
#3001=DIRECTION('',(-1.,-6.30133106624722E-19,-1.8044651243256E-17));
#3002=DIRECTION('center_axis',(1.,6.30133106624722E-19,1.8044651243256E-17));
#3003=DIRECTION('ref_axis',(1.80556502575456E-17,-0.0348994967025009,-0.999390827019096));
#3004=DIRECTION('',(1.80556502575456E-17,-0.0348994967025009,-0.999390827019096));
#3005=DIRECTION('',(1.80556502575456E-17,-0.0348994967025009,-0.999390827019096));
#3006=DIRECTION('center_axis',(3.86902086843293E-34,-0.999390827019096,
0.0348994967025009));
#3007=DIRECTION('ref_axis',(-1.,-6.30133106624722E-19,-1.8044651243256E-17));
#3008=DIRECTION('center_axis',(3.86902086843293E-34,-0.999390827019096,
0.0348994967025009));
#3009=DIRECTION('ref_axis',(-1.,-6.30133106624722E-19,-1.8044651243256E-17));
#3010=CARTESIAN_POINT('',(0.,0.,0.));
#3011=CARTESIAN_POINT('Origin',(15.2007919248752,7.5,-0.0453693457132514));
#3012=CARTESIAN_POINT('',(15.0700007452921,0.644285936064489,3.7));
#3013=CARTESIAN_POINT('',(15.0700007452921,-0.644285936064485,3.7));
#3014=CARTESIAN_POINT('Origin',(18.,1.94289029309402E-15,-80.2042007765702));
#3015=CARTESIAN_POINT('',(15.0700007452921,-4.47145003309837,3.7));
#3016=CARTESIAN_POINT('',(15.0700007452921,3.75,3.7));
#3017=CARTESIAN_POINT('',(15.1992075924115,-4.36969235529569,0.));
#3018=CARTESIAN_POINT('',(15.2061772028894,-4.364203394043,-0.199583530928568));
#3019=CARTESIAN_POINT('',(15.1992075924115,-5.49963401349816,8.67361737988404E-18));
#3020=CARTESIAN_POINT('',(15.1992075924115,3.75,-3.46944695195361E-17));
#3021=CARTESIAN_POINT('',(14.8970228923506,-5.19744931343727,8.65343760916548));
#3022=CARTESIAN_POINT('',(15.1940997301,-5.49452615118662,0.146270038887578));
#3023=CARTESIAN_POINT('',(14.8970061187156,-5.1800488439051,8.65391794322735));
#3024=CARTESIAN_POINT('Ctrl Pts',(14.8970061183321,-5.18004885846725,8.65391794310786));
#3025=CARTESIAN_POINT('Ctrl Pts',(14.8970068407715,-5.18587128687412,8.65389733922123));
#3026=CARTESIAN_POINT('Ctrl Pts',(14.8970057870428,-5.19166981958222,8.65373618056733));
#3027=CARTESIAN_POINT('Ctrl Pts',(14.8970041256287,-5.19744575981045,8.65343818572439));
#3028=CARTESIAN_POINT('',(14.897002214204,-5.11708988155258,8.65402975381014));
#3029=CARTESIAN_POINT('Ctrl Pts',(14.897002214204,-5.11708988155259,8.65402975381015));
#3030=CARTESIAN_POINT('Ctrl Pts',(14.897002214204,-5.12758151429918,8.65402975381015));
#3031=CARTESIAN_POINT('Ctrl Pts',(14.8970025407001,-5.13806593276247,8.65402040418419));
#3032=CARTESIAN_POINT('Ctrl Pts',(14.8970038444268,-5.15905708589193,8.65398307033655));
#3033=CARTESIAN_POINT('Ctrl Pts',(14.8970048212436,-5.16954932497779,8.65395509796328));
#3034=CARTESIAN_POINT('Ctrl Pts',(14.8970061187156,-5.18004884390509,8.65391794322735));
#3035=CARTESIAN_POINT('',(14.897002214204,5.11708988155258,8.65402975381014));
#3036=CARTESIAN_POINT('',(14.897002214204,5.625,8.65402975381014));
#3037=CARTESIAN_POINT('',(14.8970061187156,5.1800488439051,8.65391794322731));
#3038=CARTESIAN_POINT('Ctrl Pts',(14.8970061187156,5.1800488439051,8.65391794322736));
#3039=CARTESIAN_POINT('Ctrl Pts',(14.8970048212436,5.16954932478029,8.65395509796399));
#3040=CARTESIAN_POINT('Ctrl Pts',(14.8970038444268,5.15905708550586,8.65398307033758));
#3041=CARTESIAN_POINT('Ctrl Pts',(14.8970025407001,5.13806593237468,8.65402040418454));
#3042=CARTESIAN_POINT('Ctrl Pts',(14.897002214204,5.1275815141051,8.65402975381015));
#3043=CARTESIAN_POINT('Ctrl Pts',(14.897002214204,5.11708988155258,8.65402975381015));
#3044=CARTESIAN_POINT('',(14.8970228923506,5.19744931343727,8.65343760916548));
#3045=CARTESIAN_POINT('Ctrl Pts',(14.8970041256274,5.1974457598095,8.65343818572683));
#3046=CARTESIAN_POINT('Ctrl Pts',(14.8970057349249,5.19167318597009,8.65373610220267));
#3047=CARTESIAN_POINT('Ctrl Pts',(14.8970068411914,5.18587467081661,8.65389732724645));
#3048=CARTESIAN_POINT('Ctrl Pts',(14.8970061183321,5.18004885846726,8.65391794310787));
#3049=CARTESIAN_POINT('',(15.1992075924115,5.49963401349817,0.));
#3050=CARTESIAN_POINT('',(15.1831512911927,5.48357771227929,0.459792308490554));
#3051=CARTESIAN_POINT('',(15.1992075924115,4.36969235529569,-2.89120579329468E-18));
#3052=CARTESIAN_POINT('',(15.1992075924115,3.75,-3.46944695195361E-17));
#3053=CARTESIAN_POINT('',(15.0700007452921,4.47145003309837,3.7));
#3054=CARTESIAN_POINT('',(15.2022974954935,4.36725888238563,-0.0884832472758263));
#3055=CARTESIAN_POINT('',(15.0700007452921,3.75,3.7));
#3056=CARTESIAN_POINT('Origin',(-15.2007919248752,-7.5,-0.0453693457132514));
#3057=CARTESIAN_POINT('',(-15.0700007452921,-0.644285936064827,3.7));
#3058=CARTESIAN_POINT('',(-15.0700007452921,0.644285936064829,3.7));
#3059=CARTESIAN_POINT('Origin',(-18.,8.32667268468867E-16,-80.2042007765703));
#3060=CARTESIAN_POINT('',(-15.0700007452921,4.47145003309837,3.7));
#3061=CARTESIAN_POINT('',(-15.0700007452921,-3.75,3.7));
#3062=CARTESIAN_POINT('',(-15.1992075924115,4.36969235529569,0.));
#3063=CARTESIAN_POINT('',(-15.2061772028894,4.364203394043,-0.199583530928569));
#3064=CARTESIAN_POINT('',(-15.1992075924115,5.49963401349816,8.67361737988404E-18));
#3065=CARTESIAN_POINT('',(-15.1992075924115,-3.75,-3.46944695195361E-17));
#3066=CARTESIAN_POINT('',(-14.8970228923506,5.19744931343728,8.65343760916548));
#3067=CARTESIAN_POINT('',(-15.1940997301,5.49452615118662,0.146270038887578));
#3068=CARTESIAN_POINT('',(-14.8970061187156,5.18004884390509,8.65391794322735));
#3069=CARTESIAN_POINT('Ctrl Pts',(-14.8970061183321,5.18004885846726,8.65391794310786));
#3070=CARTESIAN_POINT('Ctrl Pts',(-14.8970068407715,5.18587128687412,8.65389733922123));
#3071=CARTESIAN_POINT('Ctrl Pts',(-14.8970057870427,5.19166981958222,8.65373618056733));
#3072=CARTESIAN_POINT('Ctrl Pts',(-14.8970041256287,5.19744575981045,8.65343818572439));
#3073=CARTESIAN_POINT('',(-14.897002214204,5.11708988155258,8.65402975381014));
#3074=CARTESIAN_POINT('Ctrl Pts',(-14.897002214204,5.11708988155259,8.65402975381015));
#3075=CARTESIAN_POINT('Ctrl Pts',(-14.897002214204,5.1275815142986,8.65402975381015));
#3076=CARTESIAN_POINT('Ctrl Pts',(-14.8970025407001,5.1380659327613,8.65402040418419));
#3077=CARTESIAN_POINT('Ctrl Pts',(-14.8970038444268,5.15905708589314,8.65398307033655));
#3078=CARTESIAN_POINT('Ctrl Pts',(-14.8970048212436,5.16954932498025,8.65395509796327));
#3079=CARTESIAN_POINT('Ctrl Pts',(-14.8970061187156,5.18004884390509,8.65391794322735));
#3080=CARTESIAN_POINT('',(-14.897002214204,-5.11708988155258,8.65402975381014));
#3081=CARTESIAN_POINT('',(-14.897002214204,-5.625,8.65402975381014));
#3082=CARTESIAN_POINT('',(-14.8970061187156,-5.1800488439051,8.65391794322731));
#3083=CARTESIAN_POINT('Ctrl Pts',(-14.8970061187156,-5.18004884390509,8.65391794322735));
#3084=CARTESIAN_POINT('Ctrl Pts',(-14.8970048212436,-5.16954932478931,8.65395509796395));
#3085=CARTESIAN_POINT('Ctrl Pts',(-14.8970038444268,-5.15905708551031,8.65398307033758));
#3086=CARTESIAN_POINT('Ctrl Pts',(-14.8970025407001,-5.13806593237201,8.65402040418455));
#3087=CARTESIAN_POINT('Ctrl Pts',(-14.897002214204,-5.12758151410376,8.65402975381015));
#3088=CARTESIAN_POINT('Ctrl Pts',(-14.897002214204,-5.11708988155258,8.65402975381015));
#3089=CARTESIAN_POINT('',(-14.8970228923506,-5.19744931343727,8.65343760916548));
#3090=CARTESIAN_POINT('Ctrl Pts',(-14.8970041256274,-5.1974457598095,8.65343818572683));
#3091=CARTESIAN_POINT('Ctrl Pts',(-14.8970057349249,-5.19167318597008,8.65373610220267));
#3092=CARTESIAN_POINT('Ctrl Pts',(-14.8970068411914,-5.18587467081661,8.65389732724645));
#3093=CARTESIAN_POINT('Ctrl Pts',(-14.8970061183321,-5.18004885846725,8.65391794310787));
#3094=CARTESIAN_POINT('',(-15.1992075924115,-5.49963401349816,0.));
#3095=CARTESIAN_POINT('',(-15.1831512911927,-5.48357771227929,0.459792308490554));
#3096=CARTESIAN_POINT('',(-15.1992075924115,-4.36969235529569,-2.89120579329468E-18));
#3097=CARTESIAN_POINT('',(-15.1992075924115,-3.75,-3.46944695195361E-17));
#3098=CARTESIAN_POINT('',(-15.0700007452921,-4.47145003309837,3.7));
#3099=CARTESIAN_POINT('',(-15.2022974954935,-4.36725888238563,-0.0884832472758269));
#3100=CARTESIAN_POINT('',(-15.0700007452921,-3.75,3.7));
#3101=CARTESIAN_POINT('Origin',(0.,-6.85,4.6));
#3102=CARTESIAN_POINT('',(-4.5,-6.03857205274949,4.6));
#3103=CARTESIAN_POINT('',(-4.5,-7.33936446033796,4.6));
#3104=CARTESIAN_POINT('',(-4.5,-6.2,4.6));
#3105=CARTESIAN_POINT('',(4.5,-6.03857205274949,4.6));
#3106=CARTESIAN_POINT('',(8.25,-6.03857205274949,4.6));
#3107=CARTESIAN_POINT('',(4.5,-7.33936446033796,4.6));
#3108=CARTESIAN_POINT('',(4.5,-6.2,4.6));
#3109=CARTESIAN_POINT('',(8.25,-7.33936446033796,4.6));
#3110=CARTESIAN_POINT('Origin',(4.5,-7.5,0.));
#3111=CARTESIAN_POINT('',(4.5,-6.19920759241153,0.));
#3112=CARTESIAN_POINT('',(4.5,-6.20079192487517,-0.0453693457132513));
#3113=CARTESIAN_POINT('',(4.5,-7.5,0.));
#3114=CARTESIAN_POINT('',(4.5,-3.75,0.));
#3115=CARTESIAN_POINT('',(4.5,-7.5,-3.8722621633694E-17));
#3116=CARTESIAN_POINT('Origin',(-4.5,-6.2,0.));
#3117=CARTESIAN_POINT('',(-4.5,-7.5,0.));
#3118=CARTESIAN_POINT('',(-4.5,-7.49920831633444,0.0226708539668407));
#3119=CARTESIAN_POINT('',(-4.5,-6.19920759241153,0.));
#3120=CARTESIAN_POINT('',(-4.5,-3.1,0.));
#3121=CARTESIAN_POINT('',(-4.5,-6.20000024120962,-0.0226984917464105));
#3122=CARTESIAN_POINT('Origin',(16.5,-6.20079192487517,-0.0453693457132512));
#3123=CARTESIAN_POINT('',(-14.4996340134982,-6.19920759241153,0.));
#3124=CARTESIAN_POINT('',(8.25,-6.19920759241153,0.));
#3125=CARTESIAN_POINT('',(-14.1974493134373,-5.89702289235064,8.65343760916548));
#3126=CARTESIAN_POINT('',(-14.4835777122793,-6.18315129119265,0.459792308490554));
#3127=CARTESIAN_POINT('',(-14.1800488439051,-5.89700611871559,8.65391794322735));
#3128=CARTESIAN_POINT('Ctrl Pts',(-14.1800488584673,-5.89700611833208,8.65391794310786));
#3129=CARTESIAN_POINT('Ctrl Pts',(-14.1858712868741,-5.89700684077148,8.65389733922123));
#3130=CARTESIAN_POINT('Ctrl Pts',(-14.1916724585303,-5.89700881136912,8.65373605134464));
#3131=CARTESIAN_POINT('Ctrl Pts',(-14.1974533480446,-5.89701283454906,8.65343781393036));
#3132=CARTESIAN_POINT('',(-14.1170898815526,-5.897002214204,8.65402975381014));
#3133=CARTESIAN_POINT('Ctrl Pts',(-14.1170898815526,-5.897002214204,8.65402975381015));
#3134=CARTESIAN_POINT('Ctrl Pts',(-14.1275815142998,-5.897002214204,8.65402975381015));
#3135=CARTESIAN_POINT('Ctrl Pts',(-14.1380659327638,-5.89700254070013,8.65402040418418));
#3136=CARTESIAN_POINT('Ctrl Pts',(-14.1590570858888,-5.89700384442682,8.65398307033655));
#3137=CARTESIAN_POINT('Ctrl Pts',(-14.1695493249714,-5.89700482124362,8.65395509796331));
#3138=CARTESIAN_POINT('Ctrl Pts',(-14.1800488439051,-5.89700611871559,8.65391794322735));
#3139=CARTESIAN_POINT('',(14.1170898815526,-5.897002214204,8.65402975381015));
#3140=CARTESIAN_POINT('',(12.375,-5.897002214204,8.65402975381014));
#3141=CARTESIAN_POINT('',(14.1800488439051,-5.8970061187156,8.6539179432273));
#3142=CARTESIAN_POINT('Ctrl Pts',(14.1800488439051,-5.89700611871559,8.65391794322735));
#3143=CARTESIAN_POINT('Ctrl Pts',(14.1695493247816,-5.8970048212436,8.65395509796398));
#3144=CARTESIAN_POINT('Ctrl Pts',(14.1590570855065,-5.89700384442678,8.65398307033757));
#3145=CARTESIAN_POINT('Ctrl Pts',(14.1380659323821,-5.89700254070012,8.65402040418452));
#3146=CARTESIAN_POINT('Ctrl Pts',(14.1275815141088,-5.897002214204,8.65402975381015));
#3147=CARTESIAN_POINT('Ctrl Pts',(14.1170898815526,-5.897002214204,8.65402975381015));
#3148=CARTESIAN_POINT('',(14.1974493134373,-5.89702289235064,8.65343760916548));
#3149=CARTESIAN_POINT('Ctrl Pts',(14.1974533480436,-5.89701283454778,8.65343781393279));
#3150=CARTESIAN_POINT('Ctrl Pts',(14.1916758278057,-5.89700876256771,8.65373597283842));
#3151=CARTESIAN_POINT('Ctrl Pts',(14.1858746708166,-5.89700684119135,8.65389732724644));
#3152=CARTESIAN_POINT('Ctrl Pts',(14.1800488584673,-5.89700611833208,8.65391794310786));
#3153=CARTESIAN_POINT('',(14.4996340134982,-6.19920759241153,8.67361737988404E-18));
#3154=CARTESIAN_POINT('',(14.4945261511866,-6.19409973009999,0.146270038887578));
#3155=CARTESIAN_POINT('',(8.25,-6.19920759241153,0.));
#3156=CARTESIAN_POINT('Origin',(0.,1.11022302462516E-15,0.));
#3157=CARTESIAN_POINT('Origin',(14.4987809114024,-5.49878091140236,0.));
#3158=CARTESIAN_POINT('',(17.1099019405224,-2.86491281621515,0.));
#3159=CARTESIAN_POINT('',(11.819027916981,-7.03177445075618,0.));
#3160=CARTESIAN_POINT('',(17.1099019405225,2.86491281621516,0.));
#3161=CARTESIAN_POINT('Origin',(18.,1.94289029309402E-15,0.));
#3162=CARTESIAN_POINT('',(13.4971018268871,5.71019662372796,0.));
#3163=CARTESIAN_POINT('',(14.4996340134982,6.19920759241153,0.));
#3164=CARTESIAN_POINT('Origin',(14.4987809114024,5.49878091140236,0.));
#3165=CARTESIAN_POINT('',(-14.4996340134982,6.19920759241153,8.67361737988404E-18));
#3166=CARTESIAN_POINT('',(-8.25,6.19920759241153,0.));
#3167=CARTESIAN_POINT('Origin',(-14.4987809114024,5.49878091140236,0.));
#3168=CARTESIAN_POINT('',(-17.1099019405224,2.86491281621521,0.));
#3169=CARTESIAN_POINT('',(-11.8190279169811,7.03177445075618,0.));
#3170=CARTESIAN_POINT('',(-17.1099019405224,-2.86491281621521,0.));
#3171=CARTESIAN_POINT('Origin',(-18.,8.32667268468867E-16,0.));
#3172=CARTESIAN_POINT('',(-13.4971018268871,-5.71019662372796,0.));
#3173=CARTESIAN_POINT('Origin',(-14.4987809114024,-5.49878091140236,0.));
#3174=CARTESIAN_POINT('',(-14.5012183459618,-7.5,0.));
#3175=CARTESIAN_POINT('',(16.5,-7.5,0.));
#3176=CARTESIAN_POINT('',(-16.5,-5.50121834596181,0.));
#3177=CARTESIAN_POINT('Origin',(-14.4987809114024,-5.49878091140236,0.));
#3178=CARTESIAN_POINT('',(-16.5,-5.,0.));
#3179=CARTESIAN_POINT('',(-16.5,-7.5,0.));
#3180=CARTESIAN_POINT('',(-19.8561478198122,-2.35684434594356,0.));
#3181=CARTESIAN_POINT('',(-16.5,-5.,0.));
#3182=CARTESIAN_POINT('',(-19.8561478198122,2.35684434594362,0.));
#3183=CARTESIAN_POINT('Origin',(-18.,8.32667268468867E-16,0.));
#3184=CARTESIAN_POINT('',(-16.5,5.,0.));
#3185=CARTESIAN_POINT('',(-16.5,5.,0.));
#3186=CARTESIAN_POINT('',(-16.5,5.50121834596181,0.));
#3187=CARTESIAN_POINT('',(-16.5,-7.5,0.));
#3188=CARTESIAN_POINT('',(-14.5012183459618,7.5,0.));
#3189=CARTESIAN_POINT('Origin',(-14.4987809114024,5.49878091140236,0.));
#3190=CARTESIAN_POINT('',(14.5012183459618,7.5,0.));
#3191=CARTESIAN_POINT('',(-16.5,7.5,0.));
#3192=CARTESIAN_POINT('',(16.5,5.50121834596181,0.));
#3193=CARTESIAN_POINT('Origin',(14.4987809114024,5.49878091140236,0.));
#3194=CARTESIAN_POINT('',(16.5,5.,0.));
#3195=CARTESIAN_POINT('',(16.5,7.5,0.));
#3196=CARTESIAN_POINT('',(19.8561478198122,2.35684434594356,0.));
#3197=CARTESIAN_POINT('',(16.5,5.,0.));
#3198=CARTESIAN_POINT('',(19.8561478198122,-2.35684434594356,0.));
#3199=CARTESIAN_POINT('Origin',(18.,8.84624921987975E-16,0.));
#3200=CARTESIAN_POINT('',(16.5,-5.,0.));
#3201=CARTESIAN_POINT('',(16.5,-5.,0.));
#3202=CARTESIAN_POINT('',(16.5,-5.50121834596181,0.));
#3203=CARTESIAN_POINT('',(16.5,7.5,0.));
#3204=CARTESIAN_POINT('',(14.5012183459618,-7.5,0.));
#3205=CARTESIAN_POINT('Origin',(14.4987809114024,-5.49878091140236,0.));
#3206=CARTESIAN_POINT('',(16.5,-7.5,0.));
#3207=CARTESIAN_POINT('',(-19.175,6.88771269569053E-16,0.));
#3208=CARTESIAN_POINT('Origin',(-18.,8.32667268468867E-16,0.));
#3209=CARTESIAN_POINT('',(16.825,7.40728923088161E-16,0.));
#3210=CARTESIAN_POINT('Origin',(18.,8.84624921987975E-16,0.));
#3211=CARTESIAN_POINT('Origin',(13.,4.,11.));
#3212=CARTESIAN_POINT('',(13.75,4.,11.));
#3213=CARTESIAN_POINT('Origin',(13.,4.,11.));
#3214=CARTESIAN_POINT('',(13.75,4.,9.7));
#3215=CARTESIAN_POINT('',(13.75,4.,11.));
#3216=CARTESIAN_POINT('Origin',(13.,4.,9.7));
#3217=CARTESIAN_POINT('Origin',(-13.,4.,11.));
#3218=CARTESIAN_POINT('',(-12.25,4.,11.));
#3219=CARTESIAN_POINT('Origin',(-13.,4.,11.));
#3220=CARTESIAN_POINT('',(-12.25,4.,9.7));
#3221=CARTESIAN_POINT('',(-12.25,4.,11.));
#3222=CARTESIAN_POINT('Origin',(-13.,4.,9.7));
#3223=CARTESIAN_POINT('Origin',(13.,-4.,11.));
#3224=CARTESIAN_POINT('',(13.75,-4.,11.));
#3225=CARTESIAN_POINT('Origin',(13.,-4.,11.));
#3226=CARTESIAN_POINT('',(13.75,-4.,9.7));
#3227=CARTESIAN_POINT('',(13.75,-4.,11.));
#3228=CARTESIAN_POINT('Origin',(13.,-4.,9.7));
#3229=CARTESIAN_POINT('Origin',(-13.,-4.,11.));
#3230=CARTESIAN_POINT('',(-12.25,-4.,11.));
#3231=CARTESIAN_POINT('Origin',(-13.,-4.,11.));
#3232=CARTESIAN_POINT('',(-12.25,-4.,9.7));
#3233=CARTESIAN_POINT('',(-12.25,-4.,11.));
#3234=CARTESIAN_POINT('Origin',(-13.,-4.,9.7));
#3235=CARTESIAN_POINT('Origin',(5.,0.,11.));
#3236=CARTESIAN_POINT('',(9.4,5.38844591624835E-16,11.));
#3237=CARTESIAN_POINT('Origin',(5.,0.,11.));
#3238=CARTESIAN_POINT('',(9.4,5.38844591624835E-16,9.7));
#3239=CARTESIAN_POINT('',(9.4,-5.38844591624835E-16,11.));
#3240=CARTESIAN_POINT('Origin',(5.,0.,9.7));
#3241=CARTESIAN_POINT('Origin',(-5.,0.,11.));
#3242=CARTESIAN_POINT('',(-1.1,4.77612251667467E-16,11.));
#3243=CARTESIAN_POINT('Origin',(-5.,0.,11.));
#3244=CARTESIAN_POINT('',(-1.1,4.77612251667467E-16,9.7));
#3245=CARTESIAN_POINT('',(-1.1,-4.77612251667467E-16,11.));
#3246=CARTESIAN_POINT('Origin',(-5.,0.,9.7));
#3247=CARTESIAN_POINT('Origin',(-0.407614998717989,1.,11.));
#3248=CARTESIAN_POINT('',(-0.629700680849144,1.17460384745874,16.));
#3249=CARTESIAN_POINT('',(0.113803903698551,1.17460384745874,16.));
#3250=CARTESIAN_POINT('',(-0.407614998717989,1.17460384745874,16.));
#3251=CARTESIAN_POINT('',(-0.10294032886923,1.,11.));
#3252=CARTESIAN_POINT('Ctrl Pts',(-0.10294032886923,1.,11.));
#3253=CARTESIAN_POINT('Ctrl Pts',(0.00543178740973761,1.08919620043313,
13.5542449874768));
#3254=CARTESIAN_POINT('Ctrl Pts',(0.113803903698538,1.17460384745874,16.));
#3255=CARTESIAN_POINT('',(-0.407614998717989,1.,11.));
#3256=CARTESIAN_POINT('',(-0.203807499358994,1.,11.));
#3257=CARTESIAN_POINT('Ctrl Pts',(-0.629700680849153,1.17460384745874,16.));
#3258=CARTESIAN_POINT('Ctrl Pts',(-0.518657839779815,1.08946517154254,13.5619473122918));
#3259=CARTESIAN_POINT('Ctrl Pts',(-0.407614998717989,1.,11.));
#3260=CARTESIAN_POINT('Origin',(-0.10294032886923,-1.,11.));
#3261=CARTESIAN_POINT('',(0.11380390369855,-1.17460384745874,16.));
#3262=CARTESIAN_POINT('',(-0.629700680849143,-1.17460384745874,16.));
#3263=CARTESIAN_POINT('',(-0.407614998717989,-1.17460384745874,16.));
#3264=CARTESIAN_POINT('',(-0.407614998717989,-1.,11.));
#3265=CARTESIAN_POINT('Ctrl Pts',(-0.407614998717989,-1.,11.));
#3266=CARTESIAN_POINT('Ctrl Pts',(-0.518657839779677,-1.08946517154244,
13.5619473122887));
#3267=CARTESIAN_POINT('Ctrl Pts',(-0.629700680849153,-1.17460384745874,
16.));
#3268=CARTESIAN_POINT('',(-0.10294032886923,-1.,11.));
#3269=CARTESIAN_POINT('',(-0.0514701644346149,-1.,11.));
#3270=CARTESIAN_POINT('Ctrl Pts',(0.113803903698538,-1.17460384745874,16.));
#3271=CARTESIAN_POINT('Ctrl Pts',(0.00543178740973427,-1.08919620043313,
13.5542449874767));
#3272=CARTESIAN_POINT('Ctrl Pts',(-0.10294032886923,-1.,11.));
#3273=CARTESIAN_POINT('Origin',(5.,0.,11.));
#3274=CARTESIAN_POINT('',(9.57460384745874,-5.60227395915751E-16,16.));
#3275=CARTESIAN_POINT('',(9.4,5.38844591624835E-16,11.));
#3276=CARTESIAN_POINT('Origin',(5.,0.,16.));
#3277=CARTESIAN_POINT('Origin',(5.,0.,11.));
#3278=CARTESIAN_POINT('Origin',(5.,0.,11.));
#3279=CARTESIAN_POINT('Origin',(5.,0.,16.));
#3280=CARTESIAN_POINT('Origin',(-5.,0.,11.));
#3281=CARTESIAN_POINT('',(-0.925396152541265,-4.98995055958383E-16,16.));
#3282=CARTESIAN_POINT('',(-1.1,4.77612251667467E-16,11.));
#3283=CARTESIAN_POINT('Origin',(-5.,0.,16.));
#3284=CARTESIAN_POINT('Origin',(-5.,0.,11.));
#3285=CARTESIAN_POINT('Origin',(-5.,0.,16.));
#3286=CARTESIAN_POINT('Origin',(-5.,0.,11.));
#3287=CARTESIAN_POINT('Origin',(-5.,0.,16.));
#3288=CARTESIAN_POINT('Origin',(-18.,8.32667268468867E-16,0.));
#3289=CARTESIAN_POINT('',(-17.1099019405224,-2.86491281621521,3.7));
#3290=CARTESIAN_POINT('Origin',(-18.,8.32667268468867E-16,3.7));
#3291=CARTESIAN_POINT('',(-17.1099019405224,-2.86491281621521,0.));
#3292=CARTESIAN_POINT('',(-17.1099019405224,2.86491281621521,3.7));
#3293=CARTESIAN_POINT('',(-17.1099019405224,2.86491281621521,0.));
#3294=CARTESIAN_POINT('Origin',(-18.,8.32667268468867E-16,3.7));
#3295=CARTESIAN_POINT('Origin',(-18.75,0.,3.7));
#3296=CARTESIAN_POINT('',(-19.2832635675188,-1.15326798376966,3.7));
#3297=CARTESIAN_POINT('Origin',(-18.75,0.,3.7));
#3298=CARTESIAN_POINT('',(-17.6051896576127,2.47484581079788,3.7));
#3299=CARTESIAN_POINT('Origin',(-15.6956692780814,3.97870078342443,0.));
#3300=CARTESIAN_POINT('Origin',(18.,1.94289029309402E-15,0.));
#3301=CARTESIAN_POINT('',(17.1099019405225,2.86491281621516,3.7));
#3302=CARTESIAN_POINT('Origin',(18.,1.94289029309402E-15,3.7));
#3303=CARTESIAN_POINT('',(17.1099019405225,2.86491281621516,0.));
#3304=CARTESIAN_POINT('',(17.1099019405224,-2.86491281621515,3.7));
#3305=CARTESIAN_POINT('',(17.1099019405225,-2.86491281621516,0.));
#3306=CARTESIAN_POINT('Origin',(18.,1.94289029309402E-15,3.7));
#3307=CARTESIAN_POINT('Origin',(18.75,0.,3.7));
#3308=CARTESIAN_POINT('',(19.2832635675188,1.15326798376966,3.7));
#3309=CARTESIAN_POINT('Origin',(18.75,0.,3.7));
#3310=CARTESIAN_POINT('',(17.6051896576127,-2.47484581079788,3.7));
#3311=CARTESIAN_POINT('Origin',(19.0518170978935,1.33554512936799,0.));
#3312=CARTESIAN_POINT('Origin',(15.6956692780814,-3.97870078342443,0.));
#3313=CARTESIAN_POINT('Origin',(-19.0518170978936,-1.33554512936799,0.));
#3314=CARTESIAN_POINT('Origin',(-14.4835777122793,-5.48357771227929,0.435362660798803));
#3315=CARTESIAN_POINT('Ctrl Pts',(-14.1974533480449,-5.89701283454957,8.65343781392939));
#3316=CARTESIAN_POINT('Ctrl Pts',(-14.2295829155767,-5.89703498603945,8.65178063151232));
#3317=CARTESIAN_POINT('Ctrl Pts',(-14.2617105012561,-5.894768753478,8.65025193245998));
#3318=CARTESIAN_POINT('Ctrl Pts',(-14.2935888312785,-5.89032167053413,8.64885553408726));
#3319=CARTESIAN_POINT('Ctrl Pts',(-14.3081418300054,-5.88829150168981,8.648218054529));
#3320=CARTESIAN_POINT('Ctrl Pts',(-14.3226430159076,-5.88580609279729,8.64760817625019));
#3321=CARTESIAN_POINT('Ctrl Pts',(-14.3370690162154,-5.88287211968354,8.64702641612973));
#3322=CARTESIAN_POINT('Ctrl Pts',(-14.3691782706577,-5.87634171019882,8.64573153998016));
#3323=CARTESIAN_POINT('Ctrl Pts',(-14.4007850133951,-5.86761906590106,8.6445810564686));
#3324=CARTESIAN_POINT('Ctrl Pts',(-14.4316392935526,-5.85679318220489,8.64357888851637));
#3325=CARTESIAN_POINT('Ctrl Pts',(-14.4508373831089,-5.85005712212949,8.64295532154288));
#3326=CARTESIAN_POINT('Ctrl Pts',(-14.4697442105249,-5.84250570339245,8.64238922255039));
#3327=CARTESIAN_POINT('Ctrl Pts',(-14.4882973396572,-5.83415045950169,8.64188204612691));
#3328=CARTESIAN_POINT('Ctrl Pts',(-14.5181454423131,-5.82070862036023,8.64106610538479));
#3329=CARTESIAN_POINT('Ctrl Pts',(-14.5469118119879,-5.80526392949803,8.64040714313873));
#3330=CARTESIAN_POINT('Ctrl Pts',(-14.5743556903311,-5.7878937247993,8.6399080374249));
#3331=CARTESIAN_POINT('Ctrl Pts',(-14.5943733556447,-5.77522383391362,8.6395439878904));
#3332=CARTESIAN_POINT('Ctrl Pts',(-14.6136874299385,-5.76152839932139,8.63926503705096));
#3333=CARTESIAN_POINT('Ctrl Pts',(-14.6321972608468,-5.74682147421554,8.63907323699782));
#3334=CARTESIAN_POINT('Ctrl Pts',(-14.6584274358947,-5.72598037513407,8.63880143824434));
#3335=CARTESIAN_POINT('Ctrl Pts',(-14.6830448408631,-5.70310922652763,8.63870451404422));
#3336=CARTESIAN_POINT('Ctrl Pts',(-14.7059564553368,-5.6784429185348,8.63878066520514));
#3337=CARTESIAN_POINT('Ctrl Pts',(-14.7279609691175,-5.65475318183951,8.6388538014423));
#3338=CARTESIAN_POINT('Ctrl Pts',(-14.7482366832195,-5.62957487910138,8.63908607341733));
#3339=CARTESIAN_POINT('Ctrl Pts',(-14.7667324779126,-5.60314613726492,8.63947185680508));
#3340=CARTESIAN_POINT('Ctrl Pts',(-14.7854843746924,-5.57635144976106,8.63986298194386));
#3341=CARTESIAN_POINT('Ctrl Pts',(-14.8024073402136,-5.54827033143918,8.64041190851752));
#3342=CARTESIAN_POINT('Ctrl Pts',(-14.8174064287685,-5.51911846794922,8.6411156968525));
#3343=CARTESIAN_POINT('Ctrl Pts',(-14.8290821630873,-5.49642579487371,8.64166354651589));
#3344=CARTESIAN_POINT('Ctrl Pts',(-14.8395913765655,-5.47308347106498,8.64230529529766));
#3345=CARTESIAN_POINT('Ctrl Pts',(-14.8488684325905,-5.44918662240444,8.64304070220846));
#3346=CARTESIAN_POINT('Ctrl Pts',(-14.860745955889,-5.41859120765608,8.64398225227492));
#3347=CARTESIAN_POINT('Ctrl Pts',(-14.870520941965,-5.38730466253755,8.64507054069586));
#3348=CARTESIAN_POINT('Ctrl Pts',(-14.878099438237,-5.35554625963291,8.6463008706117));
#3349=CARTESIAN_POINT('Ctrl Pts',(-14.8854063932667,-5.32492577589704,8.64748711720258));
#3350=CARTESIAN_POINT('Ctrl Pts',(-14.8906716460372,-5.29386552349328,8.64880543625377));
#3351=CARTESIAN_POINT('Ctrl Pts',(-14.8937646051389,-5.26255440803613,8.65025390220022));
#3352=CARTESIAN_POINT('Ctrl Pts',(-14.8958987380918,-5.24094982773258,8.65125333956935));
#3353=CARTESIAN_POINT('Ctrl Pts',(-14.8969977116873,-5.21922565264949,8.65231478575518));
#3354=CARTESIAN_POINT('Ctrl Pts',(-14.8970041256292,-5.19744575981075,8.65343818572342));
#3355=CARTESIAN_POINT('Origin',(14.4945261511866,-5.49452615118662,0.121840391195828));
#3356=CARTESIAN_POINT('Ctrl Pts',(14.8970041256292,-5.19744575981076,8.65343818572342));
#3357=CARTESIAN_POINT('Ctrl Pts',(14.8969947741592,-5.22923702466974,8.65179838239831));
#3358=CARTESIAN_POINT('Ctrl Pts',(14.8946599023683,-5.26095588290865,8.65028804678327));
#3359=CARTESIAN_POINT('Ctrl Pts',(14.8901498697779,-5.29240378443802,8.64890887899409));
#3360=CARTESIAN_POINT('Ctrl Pts',(14.8880267446491,-5.30720807435125,8.64825962741299));
#3361=CARTESIAN_POINT('Ctrl Pts',(14.8854207985504,-5.32195242022393,8.6476394749048));
#3362=CARTESIAN_POINT('Ctrl Pts',(14.88234378911,-5.33661615445018,8.64704876913774));
#3363=CARTESIAN_POINT('Ctrl Pts',(14.8756477997874,-5.36852642632568,8.64576331337766));
#3364=CARTESIAN_POINT('Ctrl Pts',(14.8667517485844,-5.39992602219844,8.64462234747191));
#3365=CARTESIAN_POINT('Ctrl Pts',(14.8557912526612,-5.43060906193256,8.6436277300531));
#3366=CARTESIAN_POINT('Ctrl Pts',(14.8489433895392,-5.44977911205984,8.64300631620553));
#3367=CARTESIAN_POINT('Ctrl Pts',(14.8412885622008,-5.46866948188631,8.64244207742013));
#3368=CARTESIAN_POINT('Ctrl Pts',(14.8328498468117,-5.48722772453173,8.64193598159875));
#3369=CARTESIAN_POINT('Ctrl Pts',(14.819220569931,-5.51720093914684,8.64111859177581));
#3370=CARTESIAN_POINT('Ctrl Pts',(14.8036257895033,-5.54613978492466,8.64045737550148));
#3371=CARTESIAN_POINT('Ctrl Pts',(14.7861905915083,-5.57384111852128,8.639953261687));
#3372=CARTESIAN_POINT('Ctrl Pts',(14.768990430769,-5.60116902100283,8.63945594363863));
#3373=CARTESIAN_POINT('Ctrl Pts',(14.749998496928,-5.62729365518324,8.63911151336382));
#3374=CARTESIAN_POINT('Ctrl Pts',(14.7292903620457,-5.65199880233733,8.63892354368616));
#3375=CARTESIAN_POINT('Ctrl Pts',(14.7133624185845,-5.67100110212477,8.63877896425324));
#3376=CARTESIAN_POINT('Ctrl Pts',(14.6964182003985,-5.68916334153212,8.6387270000953));
#3377=CARTESIAN_POINT('Ctrl Pts',(14.6784771795098,-5.70637225058453,8.63877043121091));
#3378=CARTESIAN_POINT('Ctrl Pts',(14.6636573321992,-5.72058735050109,8.63880630667785));
#3379=CARTESIAN_POINT('Ctrl Pts',(14.6482234331573,-5.73408795932737,8.63890713379813));
#3380=CARTESIAN_POINT('Ctrl Pts',(14.632197272048,-5.7468214880267,8.63907320465595));
#3381=CARTESIAN_POINT('Ctrl Pts',(14.6071188250434,-5.76674747794345,8.63933307969267));
#3382=CARTESIAN_POINT('Ctrl Pts',(14.5805914892561,-5.78479749560651,8.63975257645416));
#3383=CARTESIAN_POINT('Ctrl Pts',(14.5528696833143,-5.80094284282374,8.64032594895233));
#3384=CARTESIAN_POINT('Ctrl Pts',(14.5247351624646,-5.81732855769605,8.64090785766846));
#3385=CARTESIAN_POINT('Ctrl Pts',(14.4953690709894,-5.83175293917027,8.64164827328481));
#3386=CARTESIAN_POINT('Ctrl Pts',(14.4650151190294,-5.84413862971137,8.64254398382348));
#3387=CARTESIAN_POINT('Ctrl Pts',(14.4600834043904,-5.84615097694826,8.64268951310354));
#3388=CARTESIAN_POINT('Ctrl Pts',(14.4551255899347,-5.84810939833699,8.64283914742013));
#3389=CARTESIAN_POINT('Ctrl Pts',(14.4501427028296,-5.85001343259675,8.64299287940504));
#3390=CARTESIAN_POINT('Ctrl Pts',(14.4195113422888,-5.86171812480893,8.64393791784499));
#3391=CARTESIAN_POINT('Ctrl Pts',(14.3881504546835,-5.87128886173568,8.64503088280954));
#3392=CARTESIAN_POINT('Ctrl Pts',(14.3563210391118,-5.87867980898524,8.64626504765414));
#3393=CARTESIAN_POINT('Ctrl Pts',(14.3252162838837,-5.88590248652966,8.6474711142662));
#3394=CARTESIAN_POINT('Ctrl Pts',(14.2936627935052,-5.89104364860605,8.64881205526787));
#3395=CARTESIAN_POINT('Ctrl Pts',(14.2618966359401,-5.89401288054618,8.65028393667489));
#3396=CARTESIAN_POINT('Ctrl Pts',(14.2404873844215,-5.89601403643963,8.6512759319826));
#3397=CARTESIAN_POINT('Ctrl Pts',(14.2189813955801,-5.89702766965358,8.65232745139882));
#3398=CARTESIAN_POINT('Ctrl Pts',(14.1974533480449,-5.89701283454957,8.6534378139294));
#3399=CARTESIAN_POINT('Origin',(14.4835777122793,5.48357771227929,0.435362660798803));
#3400=CARTESIAN_POINT('',(14.1974493134373,5.89702289235064,8.65343760916548));
#3401=CARTESIAN_POINT('Ctrl Pts',(14.1974533480449,5.89701283454958,8.65343781392939));
#3402=CARTESIAN_POINT('Ctrl Pts',(14.2295829155776,5.89703498603945,8.65178063151227));
#3403=CARTESIAN_POINT('Ctrl Pts',(14.2617105012579,5.89476875347787,8.65025193245989));
#3404=CARTESIAN_POINT('Ctrl Pts',(14.2935888312812,5.89032167053376,8.64885553408714));
#3405=CARTESIAN_POINT('Ctrl Pts',(14.3081418300072,5.88829150168951,8.64821805452893));
#3406=CARTESIAN_POINT('Ctrl Pts',(14.3226430159085,5.88580609279711,8.64760817625015));
#3407=CARTESIAN_POINT('Ctrl Pts',(14.3370690162154,5.88287211968354,8.64702641612973));
#3408=CARTESIAN_POINT('Ctrl Pts',(14.3691782706574,5.87634171019888,8.64573153998017));
#3409=CARTESIAN_POINT('Ctrl Pts',(14.4007850133945,5.86761906590123,8.64458105646862));
#3410=CARTESIAN_POINT('Ctrl Pts',(14.4316392935518,5.85679318220519,8.6435788885164));
#3411=CARTESIAN_POINT('Ctrl Pts',(14.4508373831083,5.85005712212972,8.64295532154289));
#3412=CARTESIAN_POINT('Ctrl Pts',(14.4697442105247,5.84250570339257,8.6423892225504));
#3413=CARTESIAN_POINT('Ctrl Pts',(14.4882973396572,5.83415045950169,8.64188204612691));
#3414=CARTESIAN_POINT('Ctrl Pts',(14.5181454423132,5.82070862036019,8.64106610538479));
#3415=CARTESIAN_POINT('Ctrl Pts',(14.546911811988,5.80526392949796,8.64040714313873));
#3416=CARTESIAN_POINT('Ctrl Pts',(14.5743556903313,5.78789372479919,8.63990803742489));
#3417=CARTESIAN_POINT('Ctrl Pts',(14.5943733556448,5.77522383391353,8.6395439878904));
#3418=CARTESIAN_POINT('Ctrl Pts',(14.6136874299385,5.76152839932135,8.63926503705096));
#3419=CARTESIAN_POINT('Ctrl Pts',(14.6321972608468,5.74682147421554,8.63907323699783));
#3420=CARTESIAN_POINT('Ctrl Pts',(14.6584274358947,5.72598037513407,8.63880143824435));
#3421=CARTESIAN_POINT('Ctrl Pts',(14.6830448408631,5.70310922652763,8.63870451404422));
#3422=CARTESIAN_POINT('Ctrl Pts',(14.7059564553368,5.6784429185348,8.63878066520514));
#3423=CARTESIAN_POINT('Ctrl Pts',(14.7279609691174,5.65475318183955,8.6388538014423));
#3424=CARTESIAN_POINT('Ctrl Pts',(14.7482366832195,5.62957487910146,8.63908607341733));
#3425=CARTESIAN_POINT('Ctrl Pts',(14.7667324779125,5.60314613726505,8.63947185680508));
#3426=CARTESIAN_POINT('Ctrl Pts',(14.7854843746923,5.57635144976123,8.63986298194386));
#3427=CARTESIAN_POINT('Ctrl Pts',(14.8024073402134,5.5482703314394,8.64041190851751));
#3428=CARTESIAN_POINT('Ctrl Pts',(14.8174064287683,5.51911846794949,8.64111569685249));
#3429=CARTESIAN_POINT('Ctrl Pts',(14.8290821630872,5.4964257948739,8.64166354651588));
#3430=CARTESIAN_POINT('Ctrl Pts',(14.8395913765655,5.47308347106508,8.64230529529766));
#3431=CARTESIAN_POINT('Ctrl Pts',(14.8488684325905,5.44918662240445,8.64304070220846));
#3432=CARTESIAN_POINT('Ctrl Pts',(14.860745955889,5.41859120765603,8.64398225227492));
#3433=CARTESIAN_POINT('Ctrl Pts',(14.870520941965,5.38730466253744,8.64507054069586));
#3434=CARTESIAN_POINT('Ctrl Pts',(14.878099438237,5.35554625963275,8.6463008706117));
#3435=CARTESIAN_POINT('Ctrl Pts',(14.8854063932667,5.32492577589682,8.64748711720259));
#3436=CARTESIAN_POINT('Ctrl Pts',(14.8906716460372,5.29386552349299,8.64880543625378));
#3437=CARTESIAN_POINT('Ctrl Pts',(14.8937646051389,5.26255440803577,8.65025390220024));
#3438=CARTESIAN_POINT('Ctrl Pts',(14.8958987380918,5.24094982773234,8.65125333956937));
#3439=CARTESIAN_POINT('Ctrl Pts',(14.8969977116873,5.21922565264937,8.65231478575519));
#3440=CARTESIAN_POINT('Ctrl Pts',(14.8970041256292,5.19744575981076,8.65343818572342));
#3441=CARTESIAN_POINT('',(14.4835777122793,6.18315129119266,0.459792308490554));
#3442=CARTESIAN_POINT('Origin',(-16.5,6.20079192487518,-0.0453693457132512));
#3443=CARTESIAN_POINT('',(14.1800488439051,5.89700611871559,8.65391794322735));
#3444=CARTESIAN_POINT('Ctrl Pts',(14.1800488584673,5.89700611833208,8.65391794310786));
#3445=CARTESIAN_POINT('Ctrl Pts',(14.1858712868741,5.89700684077148,8.65389733922123));
#3446=CARTESIAN_POINT('Ctrl Pts',(14.1916724585303,5.89700881136912,8.65373605134464));
#3447=CARTESIAN_POINT('Ctrl Pts',(14.1974533480446,5.89701283454906,8.65343781393036));
#3448=CARTESIAN_POINT('',(14.1170898815526,5.897002214204,8.65402975381015));
#3449=CARTESIAN_POINT('Ctrl Pts',(14.1170898815526,5.897002214204,8.65402975381015));
#3450=CARTESIAN_POINT('Ctrl Pts',(14.1275815142992,5.897002214204,8.65402975381015));
#3451=CARTESIAN_POINT('Ctrl Pts',(14.1380659327626,5.89700254070014,8.65402040418419));
#3452=CARTESIAN_POINT('Ctrl Pts',(14.15905708589,5.89700384442682,8.65398307033655));
#3453=CARTESIAN_POINT('Ctrl Pts',(14.1695493249739,5.89700482124362,8.6539550979633));
#3454=CARTESIAN_POINT('Ctrl Pts',(14.1800488439051,5.89700611871559,8.65391794322735));
#3455=CARTESIAN_POINT('',(-14.1170898815526,5.897002214204,8.65402975381015));
#3456=CARTESIAN_POINT('',(-12.375,5.897002214204,8.65402975381015));
#3457=CARTESIAN_POINT('',(-14.1800488439051,5.8970061187156,8.6539179432273));
#3458=CARTESIAN_POINT('Ctrl Pts',(-14.1800488439051,5.89700611871559,8.65391794322735));
#3459=CARTESIAN_POINT('Ctrl Pts',(-14.1695493247817,5.8970048212436,8.65395509796398));
#3460=CARTESIAN_POINT('Ctrl Pts',(-14.1590570855065,5.89700384442679,8.65398307033757));
#3461=CARTESIAN_POINT('Ctrl Pts',(-14.1380659323797,5.89700254070012,8.65402040418453));
#3462=CARTESIAN_POINT('Ctrl Pts',(-14.1275815141076,5.897002214204,8.65402975381015));
#3463=CARTESIAN_POINT('Ctrl Pts',(-14.1170898815526,5.897002214204,8.65402975381015));
#3464=CARTESIAN_POINT('',(-14.1974493134373,5.89702289235064,8.65343760916548));
#3465=CARTESIAN_POINT('Ctrl Pts',(-14.1974533480436,5.89701283454778,8.65343781393279));
#3466=CARTESIAN_POINT('Ctrl Pts',(-14.1916758278057,5.89700876256772,8.65373597283842));
#3467=CARTESIAN_POINT('Ctrl Pts',(-14.1858746708166,5.89700684119135,8.65389732724644));
#3468=CARTESIAN_POINT('Ctrl Pts',(-14.1800488584673,5.89700611833208,8.65391794310786));
#3469=CARTESIAN_POINT('',(-14.4945261511866,6.19409973009999,0.146270038887578));
#3470=CARTESIAN_POINT('Origin',(-14.4945261511866,5.49452615118662,0.121840391195827));
#3471=CARTESIAN_POINT('Ctrl Pts',(-14.8970041256292,5.19744575981076,8.65343818572342));
#3472=CARTESIAN_POINT('Ctrl Pts',(-14.8969947741592,5.22923702466932,8.65179838239834));
#3473=CARTESIAN_POINT('Ctrl Pts',(-14.8946599023683,5.26095588290779,8.65028804678331));
#3474=CARTESIAN_POINT('Ctrl Pts',(-14.8901498697781,5.29240378443674,8.64890887899414));
#3475=CARTESIAN_POINT('Ctrl Pts',(-14.8880267446493,5.30720807435039,8.64825962741302));
#3476=CARTESIAN_POINT('Ctrl Pts',(-14.8854207985505,5.3219524202235,8.64763947490481));
#3477=CARTESIAN_POINT('Ctrl Pts',(-14.88234378911,5.33661615445017,8.64704876913773));
#3478=CARTESIAN_POINT('Ctrl Pts',(-14.8756477997874,5.36852642632571,8.64576331337766));
#3479=CARTESIAN_POINT('Ctrl Pts',(-14.8667517485844,5.39992602219851,8.64462234747191));
#3480=CARTESIAN_POINT('Ctrl Pts',(-14.8557912526612,5.43060906193267,8.64362773005309));
#3481=CARTESIAN_POINT('Ctrl Pts',(-14.8489433895392,5.4497791120599,8.64300631620553));
#3482=CARTESIAN_POINT('Ctrl Pts',(-14.8412885622007,5.46866948188633,8.64244207742013));
#3483=CARTESIAN_POINT('Ctrl Pts',(-14.8328498468117,5.48722772453171,8.64193598159875));
#3484=CARTESIAN_POINT('Ctrl Pts',(-14.8192205699309,5.51720093914694,8.64111859177581));
#3485=CARTESIAN_POINT('Ctrl Pts',(-14.8036257895032,5.54613978492487,8.64045737550148));
#3486=CARTESIAN_POINT('Ctrl Pts',(-14.7861905915081,5.5738411185216,8.639953261687));
#3487=CARTESIAN_POINT('Ctrl Pts',(-14.7689904307687,5.60116902100323,8.63945594363862));
#3488=CARTESIAN_POINT('Ctrl Pts',(-14.7499984969276,5.6272936551837,8.63911151336381));
#3489=CARTESIAN_POINT('Ctrl Pts',(-14.7292903620453,5.65199880233786,8.63892354368616));
#3490=CARTESIAN_POINT('Ctrl Pts',(-14.7133624185842,5.6710011021251,8.63877896425324));
#3491=CARTESIAN_POINT('Ctrl Pts',(-14.6964182003984,5.68916334153227,8.6387270000953));
#3492=CARTESIAN_POINT('Ctrl Pts',(-14.6784771795098,5.70637225058453,8.63877043121091));
#3493=CARTESIAN_POINT('Ctrl Pts',(-14.6636573321992,5.72058735050109,8.63880630667785));
#3494=CARTESIAN_POINT('Ctrl Pts',(-14.6482234331573,5.73408795932737,8.63890713379813));
#3495=CARTESIAN_POINT('Ctrl Pts',(-14.632197272048,5.74682148802671,8.63907320465595));
#3496=CARTESIAN_POINT('Ctrl Pts',(-14.6071188250435,5.76674747794342,8.63933307969266));
#3497=CARTESIAN_POINT('Ctrl Pts',(-14.5805914892562,5.78479749560644,8.63975257645415));
#3498=CARTESIAN_POINT('Ctrl Pts',(-14.5528696833144,5.80094284282365,8.64032594895232));
#3499=CARTESIAN_POINT('Ctrl Pts',(-14.5247351624648,5.81732855769593,8.64090785766845));
#3500=CARTESIAN_POINT('Ctrl Pts',(-14.4953690709897,5.83175293917014,8.64164827328479));
#3501=CARTESIAN_POINT('Ctrl Pts',(-14.4650151190297,5.84413862971123,8.64254398382346));
#3502=CARTESIAN_POINT('Ctrl Pts',(-14.4600834043906,5.84615097694817,8.64268951310353));
#3503=CARTESIAN_POINT('Ctrl Pts',(-14.4551255899348,5.84810939833694,8.64283914742013));
#3504=CARTESIAN_POINT('Ctrl Pts',(-14.4501427028296,5.85001343259675,8.64299287940503));
#3505=CARTESIAN_POINT('Ctrl Pts',(-14.4195113422887,5.86171812480893,8.64393791784499));
#3506=CARTESIAN_POINT('Ctrl Pts',(-14.3881504546835,5.87128886173569,8.64503088280954));
#3507=CARTESIAN_POINT('Ctrl Pts',(-14.3563210391118,5.87867980898526,8.64626504765414));
#3508=CARTESIAN_POINT('Ctrl Pts',(-14.3252162838836,5.88590248652967,8.6474711142662));
#3509=CARTESIAN_POINT('Ctrl Pts',(-14.2936627935051,5.89104364860607,8.64881205526787));
#3510=CARTESIAN_POINT('Ctrl Pts',(-14.26189663594,5.8940128805462,8.6502839366749));
#3511=CARTESIAN_POINT('Ctrl Pts',(-14.2404873844214,5.89601403643963,8.65127593198261));
#3512=CARTESIAN_POINT('Ctrl Pts',(-14.2189813955801,5.89702766965358,8.65232745139882));
#3513=CARTESIAN_POINT('Ctrl Pts',(-14.1974533480449,5.89701283454957,8.65343781392939));
#3514=CARTESIAN_POINT('Ctrl Pts',(14.8970824021089,5.18005297524345,8.65377549077192));
#3515=CARTESIAN_POINT('Ctrl Pts',(14.8970289900608,5.15904140059469,8.65394467564356));
#3516=CARTESIAN_POINT('Ctrl Pts',(14.897002214204,5.13806585501092,8.65402975381014));
#3517=CARTESIAN_POINT('Ctrl Pts',(14.897002214204,5.11708988155258,8.65402975381014));
#3518=CARTESIAN_POINT('Ctrl Pts',(14.7103283871598,5.16993894593805,9.00252200598783));
#3519=CARTESIAN_POINT('Ctrl Pts',(14.7103166618428,5.15231363883516,9.00272949860754));
#3520=CARTESIAN_POINT('Ctrl Pts',(14.7103131477583,5.13468167196138,9.00283423326984));
#3521=CARTESIAN_POINT('Ctrl Pts',(14.7103131477583,5.11708988155258,9.00283423326984));
#3522=CARTESIAN_POINT('Ctrl Pts',(14.5235878962879,5.15890060062805,9.35125908042504));
#3523=CARTESIAN_POINT('Ctrl Pts',(14.5236098349192,5.14496041079758,9.35151137906768));
#3524=CARTESIAN_POINT('Ctrl Pts',(14.5236240813126,5.13099873997749,9.35163871272953));
#3525=CARTESIAN_POINT('Ctrl Pts',(14.5236240813126,5.11708988155258,9.35163871272953));
#3526=CARTESIAN_POINT('Ctrl Pts',(14.3369505979007,5.14501357378893,9.7));
#3527=CARTESIAN_POINT('Ctrl Pts',(14.3369403190732,5.13568829168429,9.70029536074692));
#3528=CARTESIAN_POINT('Ctrl Pts',(14.336935014867,5.12638938502661,9.70044319218923));
#3529=CARTESIAN_POINT('Ctrl Pts',(14.336935014867,5.11708988155258,9.70044319218923));
#3530=CARTESIAN_POINT('',(14.3371722226465,5.11708988155258,9.7));
#3531=CARTESIAN_POINT('',(15.0395134746695,5.11708988155258,8.3877658157542));
#3532=CARTESIAN_POINT('',(14.3369505979007,5.14501357378893,9.7));
#3533=CARTESIAN_POINT('Ctrl Pts',(14.3369505979007,5.14501357378893,9.7));
#3534=CARTESIAN_POINT('Ctrl Pts',(14.3370244628732,5.14035872953934,9.7));
#3535=CARTESIAN_POINT('Ctrl Pts',(14.3370798812131,5.13570396279494,9.7));
#3536=CARTESIAN_POINT('Ctrl Pts',(14.3371537548057,5.12639572162885,9.7));
#3537=CARTESIAN_POINT('Ctrl Pts',(14.3371722226465,5.12174298585487,9.7));
#3538=CARTESIAN_POINT('Ctrl Pts',(14.3371722226465,5.11708988155258,9.7));
#3539=CARTESIAN_POINT('Ctrl Pts',(14.3369505979007,5.14501357378893,9.7));
#3540=CARTESIAN_POINT('Ctrl Pts',(14.5235624843814,5.1588987098172,9.35130656381508));
#3541=CARTESIAN_POINT('Ctrl Pts',(14.7102775352481,5.16993593999733,9.0026169717209));
#3542=CARTESIAN_POINT('Ctrl Pts',(14.897006118715,5.18004884391546,8.65391794322716));
#3543=CARTESIAN_POINT('Ctrl Pts',(14.897002214204,-5.11708988155259,8.65402975381015));
#3544=CARTESIAN_POINT('Ctrl Pts',(14.897002214204,-5.13806585501092,8.65402975381015));
#3545=CARTESIAN_POINT('Ctrl Pts',(14.8970289900608,-5.15904140059469,8.65394467564357));
#3546=CARTESIAN_POINT('Ctrl Pts',(14.8970824021089,-5.18005297524345,8.65377549077192));
#3547=CARTESIAN_POINT('Ctrl Pts',(14.7103131477583,-5.11708988155258,9.00283423326984));
#3548=CARTESIAN_POINT('Ctrl Pts',(14.7103131477583,-5.13468167196138,9.00283423326984));
#3549=CARTESIAN_POINT('Ctrl Pts',(14.7103166618428,-5.15231363883516,9.00272949860755));
#3550=CARTESIAN_POINT('Ctrl Pts',(14.7103283871598,-5.16993894593805,9.00252200598783));
#3551=CARTESIAN_POINT('Ctrl Pts',(14.5236240813126,-5.11708988155259,9.35163871272953));
#3552=CARTESIAN_POINT('Ctrl Pts',(14.5236240813126,-5.1309987399775,9.35163871272953));
#3553=CARTESIAN_POINT('Ctrl Pts',(14.5236098349192,-5.14496041079759,9.35151137906768));
#3554=CARTESIAN_POINT('Ctrl Pts',(14.5235878962879,-5.15890060062805,9.35125908042504));
#3555=CARTESIAN_POINT('Ctrl Pts',(14.336935014867,-5.11708988155258,9.70044319218923));
#3556=CARTESIAN_POINT('Ctrl Pts',(14.336935014867,-5.12638938502663,9.70044319218923));
#3557=CARTESIAN_POINT('Ctrl Pts',(14.3369403190732,-5.1356882916843,9.70029536074692));
#3558=CARTESIAN_POINT('Ctrl Pts',(14.3369505979007,-5.14501357378893,9.7));
#3559=CARTESIAN_POINT('',(14.3369505979007,-5.14501357378893,9.7));
#3560=CARTESIAN_POINT('Ctrl Pts',(14.897006118715,-5.18004884391546,8.6539179432272));
#3561=CARTESIAN_POINT('Ctrl Pts',(14.7102775352481,-5.16993593999733,9.00261697172093));
#3562=CARTESIAN_POINT('Ctrl Pts',(14.5235624843814,-5.1588987098172,9.3513065638151));
#3563=CARTESIAN_POINT('Ctrl Pts',(14.3369505979007,-5.14501357378893,9.7));
#3564=CARTESIAN_POINT('',(14.3371722226465,-5.11708988155258,9.7));
#3565=CARTESIAN_POINT('Ctrl Pts',(14.3371722226465,-5.11708988155258,9.7));
#3566=CARTESIAN_POINT('Ctrl Pts',(14.3371722226465,-5.12174298503151,9.7));
#3567=CARTESIAN_POINT('Ctrl Pts',(14.3371537548122,-5.12639571998232,9.7));
#3568=CARTESIAN_POINT('Ctrl Pts',(14.3370798812327,-5.13570396114767,9.7));
#3569=CARTESIAN_POINT('Ctrl Pts',(14.3370244628862,-5.14035872871581,9.7));
#3570=CARTESIAN_POINT('Ctrl Pts',(14.3369505979007,-5.14501357378893,9.7));
#3571=CARTESIAN_POINT('',(13.9697144812645,-5.11708988155258,10.3865474697924));
#3572=CARTESIAN_POINT('Ctrl Pts',(14.1170898815526,5.897002214204,8.65402975381015));
#3573=CARTESIAN_POINT('Ctrl Pts',(14.1380658550109,5.897002214204,8.65402975381015));
#3574=CARTESIAN_POINT('Ctrl Pts',(14.1590414005947,5.89702899006076,8.65394467564356));
#3575=CARTESIAN_POINT('Ctrl Pts',(14.1800529752435,5.89708240210889,8.65377549077192));
#3576=CARTESIAN_POINT('Ctrl Pts',(14.1170898815526,5.71031314775833,9.00283423326984));
#3577=CARTESIAN_POINT('Ctrl Pts',(14.1346816719614,5.71031314775833,9.00283423326984));
#3578=CARTESIAN_POINT('Ctrl Pts',(14.1523136388352,5.71031666184277,9.00272949860754));
#3579=CARTESIAN_POINT('Ctrl Pts',(14.169938945938,5.71032838715982,9.00252200598783));
#3580=CARTESIAN_POINT('Ctrl Pts',(14.1170898815526,5.52362408131265,9.35163871272953));
#3581=CARTESIAN_POINT('Ctrl Pts',(14.1309987399775,5.52362408131265,9.35163871272953));
#3582=CARTESIAN_POINT('Ctrl Pts',(14.1449604107976,5.52360983491917,9.35151137906768));
#3583=CARTESIAN_POINT('Ctrl Pts',(14.158900600628,5.52358789628788,9.35125908042504));
#3584=CARTESIAN_POINT('Ctrl Pts',(14.1170898815526,5.33693501486697,9.70044319218923));
#3585=CARTESIAN_POINT('Ctrl Pts',(14.1263893850266,5.33693501486697,9.70044319218923));
#3586=CARTESIAN_POINT('Ctrl Pts',(14.1356882916843,5.33694031907322,9.70029536074692));
#3587=CARTESIAN_POINT('Ctrl Pts',(14.1450135737889,5.3369505979007,9.7));
#3588=CARTESIAN_POINT('',(14.1450135737889,5.3369505979007,9.7));
#3589=CARTESIAN_POINT('Ctrl Pts',(14.1800488439155,5.89700611871497,8.6539179432272));
#3590=CARTESIAN_POINT('Ctrl Pts',(14.1699359399973,5.71027753524806,9.00261697172093));
#3591=CARTESIAN_POINT('Ctrl Pts',(14.1588987098172,5.52356248438139,9.3513065638151));
#3592=CARTESIAN_POINT('Ctrl Pts',(14.1450135737889,5.3369505979007,9.7));
#3593=CARTESIAN_POINT('',(14.1170898815526,5.3371722226465,9.7));
#3594=CARTESIAN_POINT('Ctrl Pts',(14.1170898815526,5.3371722226465,9.7));
#3595=CARTESIAN_POINT('Ctrl Pts',(14.1217429850314,5.3371722226465,9.7));
#3596=CARTESIAN_POINT('Ctrl Pts',(14.126395719982,5.33715375481219,9.7));
#3597=CARTESIAN_POINT('Ctrl Pts',(14.1357039611475,5.33707988123269,9.7));
#3598=CARTESIAN_POINT('Ctrl Pts',(14.1403587287155,5.33702446288623,9.7));
#3599=CARTESIAN_POINT('Ctrl Pts',(14.1450135737889,5.3369505979007,9.7));
#3600=CARTESIAN_POINT('',(14.1170898815526,4.96971448126451,10.3865474697924));
#3601=CARTESIAN_POINT('Ctrl Pts',(14.180149842465,5.89887151715944,8.65043447869208));
#3602=CARTESIAN_POINT('Ctrl Pts',(14.3406108073292,5.90204207592296,8.64399346864532));
#3603=CARTESIAN_POINT('Ctrl Pts',(14.7250890493872,5.77572212243477,8.63449630579069));
#3604=CARTESIAN_POINT('Ctrl Pts',(14.9030989288441,5.3940977956172,8.6418464652964));
#3605=CARTESIAN_POINT('Ctrl Pts',(14.8988715171594,5.180149842465,8.65043447869208));
#3606=CARTESIAN_POINT('Ctrl Pts',(14.169892358768,5.70933575070508,9.00437541322319));
#3607=CARTESIAN_POINT('Ctrl Pts',(14.2905063919636,5.7120807869908,8.9978632723691));
#3608=CARTESIAN_POINT('Ctrl Pts',(14.5796157995043,5.61767779913421,8.98820650588675));
#3609=CARTESIAN_POINT('Ctrl Pts',(14.712995799086,5.33071106969549,8.99569255875107));
#3610=CARTESIAN_POINT('Ctrl Pts',(14.7093357507051,5.16989235876801,9.00437541322319));
#3611=CARTESIAN_POINT('Ctrl Pts',(14.1586931113115,5.51981334532956,9.35830650476814));
#3612=CARTESIAN_POINT('Ctrl Pts',(14.2396756294422,5.5223299258681,9.35172762984175));
#3613=CARTESIAN_POINT('Ctrl Pts',(14.4342828242452,5.45991198281993,9.3419216925844));
#3614=CARTESIAN_POINT('Ctrl Pts',(14.5231687860476,5.2666698021524,9.34953467153296));
#3615=CARTESIAN_POINT('Ctrl Pts',(14.5198133453296,5.15869311131152,9.35830650476814));
#3616=CARTESIAN_POINT('Ctrl Pts',(14.1445248153456,5.33039908398886,9.71224192057398));
#3617=CARTESIAN_POINT('Ctrl Pts',(14.1865352357522,5.33328435770794,9.7055945489015));
#3618=CARTESIAN_POINT('Ctrl Pts',(14.2893915389611,5.30303216509269,9.69563587702388));
#3619=CARTESIAN_POINT('Ctrl Pts',(14.3342461156143,5.2005387092211,9.703378758344));
#3620=CARTESIAN_POINT('Ctrl Pts',(14.3303990839889,5.14452481534559,9.71224192057398));
#3621=CARTESIAN_POINT('Ctrl Pts',(14.1450136877249,5.33695059064462,9.69999999812709));
#3622=CARTESIAN_POINT('Ctrl Pts',(14.1562000755734,5.33677317612741,9.6999999951778));
#3623=CARTESIAN_POINT('Ctrl Pts',(14.1673481251525,5.33558596043242,9.70000389997191));
#3624=CARTESIAN_POINT('Ctrl Pts',(14.1783205452049,5.33348050024588,9.70000574179297));
#3625=CARTESIAN_POINT('Ctrl Pts',(14.1895464245043,5.33132640463062,9.70000762615949));
#3626=CARTESIAN_POINT('Ctrl Pts',(14.2005899246088,5.32821107090777,9.70000724870477));
#3627=CARTESIAN_POINT('Ctrl Pts',(14.2113084132348,5.32418003046397,9.70000399085729));
#3628=CARTESIAN_POINT('Ctrl Pts',(14.2140908945214,5.32313358679154,9.70000314513175));
#3629=CARTESIAN_POINT('Ctrl Pts',(14.2168514295812,5.32202516675399,9.70000213960769));
#3630=CARTESIAN_POINT('Ctrl Pts',(14.2195873759953,5.32085501288659,9.70000103884898));
#3631=CARTESIAN_POINT('Ctrl Pts',(14.2300862316159,5.31636469229966,9.69999681482371));
#3632=CARTESIAN_POINT('Ctrl Pts',(14.240130620194,5.31100923938227,9.69999047950227));
#3633=CARTESIAN_POINT('Ctrl Pts',(14.2495834037441,5.30481997632466,9.69998825531442));
#3634=CARTESIAN_POINT('Ctrl Pts',(14.2546164844532,5.30152453849581,9.69998707105827));
#3635=CARTESIAN_POINT('Ctrl Pts',(14.2594816511534,5.29799188352278,9.69998714702587));
#3636=CARTESIAN_POINT('Ctrl Pts',(14.2641555742463,5.29422130309235,9.69999013521533));
#3637=CARTESIAN_POINT('Ctrl Pts',(14.2702212706935,5.28932794137748,9.69999401321029));
#3638=CARTESIAN_POINT('Ctrl Pts',(14.2759652108891,5.28403404336478,9.70000275567822));
#3639=CARTESIAN_POINT('Ctrl Pts',(14.2813801883722,5.27838187752731,9.70001241407213));
#3640=CARTESIAN_POINT('Ctrl Pts',(14.2891546345738,5.27026689286429,9.70002628091905));
#3641=CARTESIAN_POINT('Ctrl Pts',(14.2961828493888,5.26148800547583,9.70004162002267));
#3642=CARTESIAN_POINT('Ctrl Pts',(14.3024504332932,5.25217766614232,9.70005128407412));
#3643=CARTESIAN_POINT('Ctrl Pts',(14.3088231262063,5.24271119000195,9.70006111019421));
#3644=CARTESIAN_POINT('Ctrl Pts',(14.3144100764851,5.23269402812711,9.70006510431416));
#3645=CARTESIAN_POINT('Ctrl Pts',(14.3191518996518,5.2222380570474,9.70006210475012));
#3646=CARTESIAN_POINT('Ctrl Pts',(14.3201769883834,5.21997768213352,9.70006145630348));
#3647=CARTESIAN_POINT('Ctrl Pts',(14.3211623986001,5.21769674055393,9.70006050312792));
#3648=CARTESIAN_POINT('Ctrl Pts',(14.3221072181137,5.21539628736725,9.70005926923772));
#3649=CARTESIAN_POINT('Ctrl Pts',(14.3264703531551,5.20477289552902,9.70005357118693));
#3650=CARTESIAN_POINT('Ctrl Pts',(14.3299337744346,5.19382664986275,9.70004168288988));
#3651=CARTESIAN_POINT('Ctrl Pts',(14.332424653577,5.18267146590553,9.70002902273325));
#3652=CARTESIAN_POINT('Ctrl Pts',(14.334829713512,5.17190061574869,9.70001679876181));
#3653=CARTESIAN_POINT('Ctrl Pts',(14.3363282481308,5.16093378500699,9.70000393808838));
#3654=CARTESIAN_POINT('Ctrl Pts',(14.3368067797254,5.14987340610185,9.70000072331783));
#3655=CARTESIAN_POINT('Ctrl Pts',(14.3368767846858,5.14825537001753,9.70000025302519));
#3656=CARTESIAN_POINT('Ctrl Pts',(14.3369248713212,5.14663534942386,9.69999999769954));
#3657=CARTESIAN_POINT('Ctrl Pts',(14.3369505906446,5.14501368772488,9.69999999812709));
#3658=CARTESIAN_POINT('Ctrl Pts',(14.1800529752435,-5.89708240210889,8.65377549077192));
#3659=CARTESIAN_POINT('Ctrl Pts',(14.1590414005947,-5.89702899006076,8.65394467564357));
#3660=CARTESIAN_POINT('Ctrl Pts',(14.1380658550109,-5.897002214204,8.65402975381015));
#3661=CARTESIAN_POINT('Ctrl Pts',(14.1170898815526,-5.897002214204,8.65402975381015));
#3662=CARTESIAN_POINT('Ctrl Pts',(14.1699389459381,-5.71032838715981,9.00252200598783));
#3663=CARTESIAN_POINT('Ctrl Pts',(14.1523136388352,-5.71031666184277,9.00272949860755));
#3664=CARTESIAN_POINT('Ctrl Pts',(14.1346816719614,-5.71031314775832,9.00283423326984));
#3665=CARTESIAN_POINT('Ctrl Pts',(14.1170898815526,-5.71031314775832,9.00283423326984));
#3666=CARTESIAN_POINT('Ctrl Pts',(14.1589006006281,-5.52358789628788,9.35125908042504));
#3667=CARTESIAN_POINT('Ctrl Pts',(14.1449604107976,-5.52360983491917,9.35151137906768));
#3668=CARTESIAN_POINT('Ctrl Pts',(14.1309987399775,-5.52362408131265,9.35163871272953));
#3669=CARTESIAN_POINT('Ctrl Pts',(14.1170898815526,-5.52362408131265,9.35163871272953));
#3670=CARTESIAN_POINT('Ctrl Pts',(14.1450135737889,-5.3369505979007,9.7));
#3671=CARTESIAN_POINT('Ctrl Pts',(14.1356882916843,-5.33694031907322,9.70029536074692));
#3672=CARTESIAN_POINT('Ctrl Pts',(14.1263893850266,-5.33693501486697,9.70044319218923));
#3673=CARTESIAN_POINT('Ctrl Pts',(14.1170898815526,-5.33693501486697,9.70044319218923));
#3674=CARTESIAN_POINT('',(14.1170898815526,-5.3371722226465,9.7));
#3675=CARTESIAN_POINT('',(14.1170898815526,-6.0395134746695,8.3877658157542));
#3676=CARTESIAN_POINT('',(14.1450135737889,-5.3369505979007,9.7));
#3677=CARTESIAN_POINT('Ctrl Pts',(14.1450135737889,-5.3369505979007,9.7));
#3678=CARTESIAN_POINT('Ctrl Pts',(14.140358729539,-5.33702446287316,9.7));
#3679=CARTESIAN_POINT('Ctrl Pts',(14.1357039627948,-5.33707988121308,9.7));
#3680=CARTESIAN_POINT('Ctrl Pts',(14.1263957216294,-5.33715375480566,9.7));
#3681=CARTESIAN_POINT('Ctrl Pts',(14.1217429858552,-5.3371722226465,9.7));
#3682=CARTESIAN_POINT('Ctrl Pts',(14.1170898815526,-5.3371722226465,9.7));
#3683=CARTESIAN_POINT('Ctrl Pts',(14.1450135737889,-5.3369505979007,9.7));
#3684=CARTESIAN_POINT('Ctrl Pts',(14.1588987098172,-5.5235624843814,9.35130656381508));
#3685=CARTESIAN_POINT('Ctrl Pts',(14.1699359399973,-5.71027753524808,9.0026169717209));
#3686=CARTESIAN_POINT('Ctrl Pts',(14.1800488439155,-5.89700611871499,8.65391794322716));
#3687=CARTESIAN_POINT('Ctrl Pts',(-14.1800529752435,5.89708240210889,8.65377549077192));
#3688=CARTESIAN_POINT('Ctrl Pts',(-14.1590414005947,5.89702899006076,8.65394467564357));
#3689=CARTESIAN_POINT('Ctrl Pts',(-14.1380658550109,5.897002214204,8.65402975381015));
#3690=CARTESIAN_POINT('Ctrl Pts',(-14.1170898815526,5.897002214204,8.65402975381015));
#3691=CARTESIAN_POINT('Ctrl Pts',(-14.169938945938,5.71032838715982,9.00252200598783));
#3692=CARTESIAN_POINT('Ctrl Pts',(-14.1523136388352,5.71031666184277,9.00272949860755));
#3693=CARTESIAN_POINT('Ctrl Pts',(-14.1346816719614,5.71031314775832,9.00283423326984));
#3694=CARTESIAN_POINT('Ctrl Pts',(-14.1170898815526,5.71031314775832,9.00283423326984));
#3695=CARTESIAN_POINT('Ctrl Pts',(-14.158900600628,5.52358789628788,9.35125908042504));
#3696=CARTESIAN_POINT('Ctrl Pts',(-14.1449604107976,5.52360983491917,9.35151137906768));
#3697=CARTESIAN_POINT('Ctrl Pts',(-14.1309987399775,5.52362408131265,9.35163871272953));
#3698=CARTESIAN_POINT('Ctrl Pts',(-14.1170898815526,5.52362408131265,9.35163871272953));
#3699=CARTESIAN_POINT('Ctrl Pts',(-14.1450135737889,5.3369505979007,9.7));
#3700=CARTESIAN_POINT('Ctrl Pts',(-14.1356882916843,5.33694031907322,9.70029536074692));
#3701=CARTESIAN_POINT('Ctrl Pts',(-14.1263893850266,5.33693501486697,9.70044319218923));
#3702=CARTESIAN_POINT('Ctrl Pts',(-14.1170898815526,5.33693501486697,9.70044319218923));
#3703=CARTESIAN_POINT('',(-14.1170898815526,5.3371722226465,9.7));
#3704=CARTESIAN_POINT('',(-14.1170898815526,6.03951347466951,8.3877658157542));
#3705=CARTESIAN_POINT('',(-14.1450135737889,5.3369505979007,9.7));
#3706=CARTESIAN_POINT('Ctrl Pts',(-14.1450135737889,5.3369505979007,9.7));
#3707=CARTESIAN_POINT('Ctrl Pts',(-14.1403587295388,5.33702446287317,9.7));
#3708=CARTESIAN_POINT('Ctrl Pts',(-14.1357039627947,5.33707988121308,9.7));
#3709=CARTESIAN_POINT('Ctrl Pts',(-14.1263957216297,5.33715375480565,9.7));
#3710=CARTESIAN_POINT('Ctrl Pts',(-14.1217429858553,5.3371722226465,9.7));
#3711=CARTESIAN_POINT('Ctrl Pts',(-14.1170898815526,5.3371722226465,9.7));
#3712=CARTESIAN_POINT('Ctrl Pts',(-14.1450135737889,5.3369505979007,9.7));
#3713=CARTESIAN_POINT('Ctrl Pts',(-14.1588987098172,5.5235624843814,9.35130656381508));
#3714=CARTESIAN_POINT('Ctrl Pts',(-14.1699359399973,5.71027753524808,9.0026169717209));
#3715=CARTESIAN_POINT('Ctrl Pts',(-14.1800488439155,5.897006118715,8.65391794322716));
#3716=CARTESIAN_POINT('Origin',(-8.25,5.504613977967,9.38715664277329));
#3717=CARTESIAN_POINT('',(-4.125,5.3371722226465,9.7));
#3718=CARTESIAN_POINT('Ctrl Pts',(-14.1170898815526,-5.897002214204,8.65402975381014));
#3719=CARTESIAN_POINT('Ctrl Pts',(-14.1380658550109,-5.897002214204,8.65402975381014));
#3720=CARTESIAN_POINT('Ctrl Pts',(-14.1590414005947,-5.89702899006076,8.65394467564356));
#3721=CARTESIAN_POINT('Ctrl Pts',(-14.1800529752435,-5.89708240210889,8.65377549077192));
#3722=CARTESIAN_POINT('Ctrl Pts',(-14.1170898815526,-5.71031314775832,9.00283423326984));
#3723=CARTESIAN_POINT('Ctrl Pts',(-14.1346816719614,-5.71031314775832,9.00283423326984));
#3724=CARTESIAN_POINT('Ctrl Pts',(-14.1523136388352,-5.71031666184277,9.00272949860755));
#3725=CARTESIAN_POINT('Ctrl Pts',(-14.169938945938,-5.71032838715982,9.00252200598783));
#3726=CARTESIAN_POINT('Ctrl Pts',(-14.1170898815526,-5.52362408131265,9.35163871272953));
#3727=CARTESIAN_POINT('Ctrl Pts',(-14.1309987399775,-5.52362408131265,9.35163871272953));
#3728=CARTESIAN_POINT('Ctrl Pts',(-14.1449604107976,-5.52360983491917,9.35151137906768));
#3729=CARTESIAN_POINT('Ctrl Pts',(-14.158900600628,-5.52358789628788,9.35125908042504));
#3730=CARTESIAN_POINT('Ctrl Pts',(-14.1170898815526,-5.33693501486697,9.70044319218923));
#3731=CARTESIAN_POINT('Ctrl Pts',(-14.1263893850266,-5.33693501486697,9.70044319218923));
#3732=CARTESIAN_POINT('Ctrl Pts',(-14.1356882916843,-5.33694031907322,9.70029536074692));
#3733=CARTESIAN_POINT('Ctrl Pts',(-14.1450135737889,-5.3369505979007,9.7));
#3734=CARTESIAN_POINT('',(-14.1450135737889,-5.3369505979007,9.7));
#3735=CARTESIAN_POINT('Ctrl Pts',(-14.1800488439155,-5.89700611871497,8.65391794322721));
#3736=CARTESIAN_POINT('Ctrl Pts',(-14.1699359399973,-5.71027753524806,9.00261697172093));
#3737=CARTESIAN_POINT('Ctrl Pts',(-14.1588987098172,-5.52356248438139,9.3513065638151));
#3738=CARTESIAN_POINT('Ctrl Pts',(-14.1450135737889,-5.3369505979007,9.7));
#3739=CARTESIAN_POINT('',(-14.1170898815526,-5.3371722226465,9.7));
#3740=CARTESIAN_POINT('Ctrl Pts',(-14.1170898815526,-5.3371722226465,9.7));
#3741=CARTESIAN_POINT('Ctrl Pts',(-14.1217429850312,-5.3371722226465,9.7));
#3742=CARTESIAN_POINT('Ctrl Pts',(-14.1263957199818,-5.3371537548122,9.7));
#3743=CARTESIAN_POINT('Ctrl Pts',(-14.1357039611475,-5.33707988123269,9.7));
#3744=CARTESIAN_POINT('Ctrl Pts',(-14.1403587287155,-5.33702446288623,9.7));
#3745=CARTESIAN_POINT('Ctrl Pts',(-14.1450135737889,-5.3369505979007,9.7));
#3746=CARTESIAN_POINT('',(-14.1170898815526,-4.9697144812645,10.3865474697924));
#3747=CARTESIAN_POINT('Ctrl Pts',(-14.897002214204,5.11708988155259,8.65402975381015));
#3748=CARTESIAN_POINT('Ctrl Pts',(-14.897002214204,5.13806585501092,8.65402975381015));
#3749=CARTESIAN_POINT('Ctrl Pts',(-14.8970289900608,5.15904140059469,8.65394467564357));
#3750=CARTESIAN_POINT('Ctrl Pts',(-14.8970824021089,5.18005297524345,8.65377549077192));
#3751=CARTESIAN_POINT('Ctrl Pts',(-14.7103131477583,5.11708988155259,9.00283423326984));
#3752=CARTESIAN_POINT('Ctrl Pts',(-14.7103131477583,5.13468167196138,9.00283423326984));
#3753=CARTESIAN_POINT('Ctrl Pts',(-14.7103166618428,5.15231363883516,9.00272949860755));
#3754=CARTESIAN_POINT('Ctrl Pts',(-14.7103283871598,5.16993894593805,9.00252200598783));
#3755=CARTESIAN_POINT('Ctrl Pts',(-14.5236240813126,5.11708988155258,9.35163871272953));
#3756=CARTESIAN_POINT('Ctrl Pts',(-14.5236240813126,5.1309987399775,9.35163871272953));
#3757=CARTESIAN_POINT('Ctrl Pts',(-14.5236098349192,5.14496041079759,9.35151137906768));
#3758=CARTESIAN_POINT('Ctrl Pts',(-14.5235878962879,5.15890060062805,9.35125908042504));
#3759=CARTESIAN_POINT('Ctrl Pts',(-14.336935014867,5.11708988155258,9.70044319218923));
#3760=CARTESIAN_POINT('Ctrl Pts',(-14.336935014867,5.12638938502663,9.70044319218923));
#3761=CARTESIAN_POINT('Ctrl Pts',(-14.3369403190732,5.13568829168431,9.70029536074692));
#3762=CARTESIAN_POINT('Ctrl Pts',(-14.3369505979007,5.14501357378893,9.7));
#3763=CARTESIAN_POINT('',(-14.3369505979007,5.14501357378893,9.7));
#3764=CARTESIAN_POINT('Ctrl Pts',(-14.897006118715,5.18004884391545,8.6539179432272));
#3765=CARTESIAN_POINT('Ctrl Pts',(-14.7102775352481,5.16993593999733,9.00261697172093));
#3766=CARTESIAN_POINT('Ctrl Pts',(-14.5235624843814,5.1588987098172,9.3513065638151));
#3767=CARTESIAN_POINT('Ctrl Pts',(-14.3369505979007,5.14501357378893,9.7));
#3768=CARTESIAN_POINT('',(-14.3371722226465,5.11708988155258,9.7));
#3769=CARTESIAN_POINT('Ctrl Pts',(-14.3371722226465,5.11708988155258,9.7));
#3770=CARTESIAN_POINT('Ctrl Pts',(-14.3371722226465,5.12174298503123,9.7));
#3771=CARTESIAN_POINT('Ctrl Pts',(-14.3371537548122,5.12639571998176,9.7));
#3772=CARTESIAN_POINT('Ctrl Pts',(-14.3370798812327,5.1357039611474,9.7));
#3773=CARTESIAN_POINT('Ctrl Pts',(-14.3370244628862,5.14035872871525,9.7));
#3774=CARTESIAN_POINT('Ctrl Pts',(-14.3369505979007,5.14501357378893,9.7));
#3775=CARTESIAN_POINT('',(-13.9697144812645,5.11708988155258,10.3865474697924));
#3776=CARTESIAN_POINT('Ctrl Pts',(-14.8988715171594,5.180149842465,8.65043447869208));
#3777=CARTESIAN_POINT('Ctrl Pts',(-14.9030989288441,5.3940977956172,8.6418464652964));
#3778=CARTESIAN_POINT('Ctrl Pts',(-14.7250890493872,5.77572212243477,8.63449630579069));
#3779=CARTESIAN_POINT('Ctrl Pts',(-14.3406108073291,5.90204207592296,8.64399346864532));
#3780=CARTESIAN_POINT('Ctrl Pts',(-14.180149842465,5.89887151715944,8.65043447869208));
#3781=CARTESIAN_POINT('Ctrl Pts',(-14.7093357507051,5.16989235876801,9.00437541322319));
#3782=CARTESIAN_POINT('Ctrl Pts',(-14.712995799086,5.33071106969549,8.99569255875107));
#3783=CARTESIAN_POINT('Ctrl Pts',(-14.5796157995043,5.61767779913421,8.98820650588675));
#3784=CARTESIAN_POINT('Ctrl Pts',(-14.2905063919636,5.7120807869908,8.9978632723691));
#3785=CARTESIAN_POINT('Ctrl Pts',(-14.169892358768,5.70933575070508,9.00437541322319));
#3786=CARTESIAN_POINT('Ctrl Pts',(-14.5198133453296,5.15869311131152,9.35830650476814));
#3787=CARTESIAN_POINT('Ctrl Pts',(-14.5231687860476,5.2666698021524,9.34953467153296));
#3788=CARTESIAN_POINT('Ctrl Pts',(-14.4342828242452,5.45991198281993,9.3419216925844));
#3789=CARTESIAN_POINT('Ctrl Pts',(-14.2396756294422,5.5223299258681,9.35172762984175));
#3790=CARTESIAN_POINT('Ctrl Pts',(-14.1586931113115,5.51981334532956,9.35830650476814));
#3791=CARTESIAN_POINT('Ctrl Pts',(-14.3303990839889,5.14452481534559,9.71224192057398));
#3792=CARTESIAN_POINT('Ctrl Pts',(-14.3342461156143,5.20053870922109,9.703378758344));
#3793=CARTESIAN_POINT('Ctrl Pts',(-14.2893915389611,5.30303216509269,9.69563587702388));
#3794=CARTESIAN_POINT('Ctrl Pts',(-14.1865352357522,5.33328435770794,9.70559454890149));
#3795=CARTESIAN_POINT('Ctrl Pts',(-14.1445248153456,5.33039908398886,9.71224192057398));
#3796=CARTESIAN_POINT('Ctrl Pts',(-14.3369505906446,5.14501368772488,9.69999999812709));
#3797=CARTESIAN_POINT('Ctrl Pts',(-14.3367749625055,5.15608744038089,9.69999999520749));
#3798=CARTESIAN_POINT('Ctrl Pts',(-14.3355606259744,5.16708105439478,9.70001154461837));
#3799=CARTESIAN_POINT('Ctrl Pts',(-14.3334294961427,5.17789112874688,9.70002366363089));
#3800=CARTESIAN_POINT('Ctrl Pts',(-14.3312197879924,5.18909978860755,9.70003622949166));
#3801=CARTESIAN_POINT('Ctrl Pts',(-14.3280242579622,5.20011237511132,9.7000493206125));
#3802=CARTESIAN_POINT('Ctrl Pts',(-14.3239243491575,5.21081681165759,9.70005652623039));
#3803=CARTESIAN_POINT('Ctrl Pts',(-14.322836571845,5.21365688536954,9.70005843800649));
#3804=CARTESIAN_POINT('Ctrl Pts',(-14.3216848525157,5.21647522455944,9.70005997042637));
#3805=CARTESIAN_POINT('Ctrl Pts',(-14.3204701227421,5.21926959009182,9.7000610818718));
#3806=CARTESIAN_POINT('Ctrl Pts',(-14.315883826403,5.22981991057383,9.70006527821095));
#3807=CARTESIAN_POINT('Ctrl Pts',(-14.3104445788153,5.23993483084378,9.70006267144934));
#3808=CARTESIAN_POINT('Ctrl Pts',(-14.3042190845236,5.24950509765433,9.70005388813975));
#3809=CARTESIAN_POINT('Ctrl Pts',(-14.2980992047911,5.25891300635102,9.70004525383766));
#3810=CARTESIAN_POINT('Ctrl Pts',(-14.2912189046493,5.26779578927181,9.70003061884336));
#3811=CARTESIAN_POINT('Ctrl Pts',(-14.2835985116241,5.27602644714491,9.70001646440846));
#3812=CARTESIAN_POINT('Ctrl Pts',(-14.2818861637601,5.27787592516812,9.70001328382232));
#3813=CARTESIAN_POINT('Ctrl Pts',(-14.2801362922991,5.27969234011927,9.70001015251678));
#3814=CARTESIAN_POINT('Ctrl Pts',(-14.2783488680621,5.28147398898917,9.70000718860376));
#3815=CARTESIAN_POINT('Ctrl Pts',(-14.273832924751,5.28597534078385,9.69999970025104));
#3816=CARTESIAN_POINT('Ctrl Pts',(-14.2691005411456,5.29023207539825,9.6999932809487));
#3817=CARTESIAN_POINT('Ctrl Pts',(-14.2641555775435,5.29422130713193,9.69999012573283));
#3818=CARTESIAN_POINT('Ctrl Pts',(-14.2553744717478,5.30130525530951,9.69998452280294));
#3819=CARTESIAN_POINT('Ctrl Pts',(-14.2459245381816,5.30754852087565,9.6999888247559));
#3820=CARTESIAN_POINT('Ctrl Pts',(-14.2359555946503,5.31294767052277,9.69999354148256));
#3821=CARTESIAN_POINT('Ctrl Pts',(-14.2294145471726,5.31649028204132,9.69999663632735));
#3822=CARTESIAN_POINT('Ctrl Pts',(-14.2226493064799,5.31966858111249,9.70000005099548));
#3823=CARTESIAN_POINT('Ctrl Pts',(-14.2156977755623,5.32247040583628,9.70000251227807));
#3824=CARTESIAN_POINT('Ctrl Pts',(-14.2050641947667,5.3267562861594,9.70000627723971));
#3825=CARTESIAN_POINT('Ctrl Pts',(-14.194087526935,5.33012637683844,9.7000076811369));
#3826=CARTESIAN_POINT('Ctrl Pts',(-14.1829122092929,5.33254349996546,9.70000635719782));
#3827=CARTESIAN_POINT('Ctrl Pts',(-14.171974891426,5.33490914582987,9.70000506145455));
#3828=CARTESIAN_POINT('Ctrl Pts',(-14.1608458781587,5.33636205011274,9.70000125243011));
#3829=CARTESIAN_POINT('Ctrl Pts',(-14.14966124507,5.33681873967242,9.70000022205961));
#3830=CARTESIAN_POINT('Ctrl Pts',(-14.1481129764042,5.33688195838775,9.70000007942727));
#3831=CARTESIAN_POINT('Ctrl Pts',(-14.146563662219,5.33692600827001,9.69999999771844));
#3832=CARTESIAN_POINT('Ctrl Pts',(-14.1450136877249,5.33695059064462,9.69999999812709));
#3833=CARTESIAN_POINT('Ctrl Pts',(-14.8970824021089,-5.18005297524345,8.65377549077192));
#3834=CARTESIAN_POINT('Ctrl Pts',(-14.8970289900608,-5.15904140059469,8.65394467564357));
#3835=CARTESIAN_POINT('Ctrl Pts',(-14.897002214204,-5.13806585501091,8.65402975381014));
#3836=CARTESIAN_POINT('Ctrl Pts',(-14.897002214204,-5.11708988155258,8.65402975381014));
#3837=CARTESIAN_POINT('Ctrl Pts',(-14.7103283871598,-5.16993894593805,9.00252200598783));
#3838=CARTESIAN_POINT('Ctrl Pts',(-14.7103166618428,-5.15231363883516,9.00272949860755));
#3839=CARTESIAN_POINT('Ctrl Pts',(-14.7103131477583,-5.13468167196138,9.00283423326984));
#3840=CARTESIAN_POINT('Ctrl Pts',(-14.7103131477583,-5.11708988155258,9.00283423326984));
#3841=CARTESIAN_POINT('Ctrl Pts',(-14.5235878962879,-5.15890060062804,9.35125908042504));
#3842=CARTESIAN_POINT('Ctrl Pts',(-14.5236098349192,-5.14496041079758,9.35151137906768));
#3843=CARTESIAN_POINT('Ctrl Pts',(-14.5236240813126,-5.13099873997749,9.35163871272953));
#3844=CARTESIAN_POINT('Ctrl Pts',(-14.5236240813126,-5.11708988155258,9.35163871272953));
#3845=CARTESIAN_POINT('Ctrl Pts',(-14.3369505979007,-5.14501357378893,9.7));
#3846=CARTESIAN_POINT('Ctrl Pts',(-14.3369403190732,-5.13568829168429,9.70029536074692));
#3847=CARTESIAN_POINT('Ctrl Pts',(-14.336935014867,-5.12638938502661,9.70044319218923));
#3848=CARTESIAN_POINT('Ctrl Pts',(-14.336935014867,-5.11708988155258,9.70044319218923));
#3849=CARTESIAN_POINT('',(-14.3371722226465,-5.11708988155258,9.7));
#3850=CARTESIAN_POINT('',(-15.0395134746695,-5.11708988155258,8.3877658157542));
#3851=CARTESIAN_POINT('',(-14.3369505979007,-5.14501357378893,9.7));
#3852=CARTESIAN_POINT('Ctrl Pts',(-14.3369505979007,-5.14501357378893,9.7));
#3853=CARTESIAN_POINT('Ctrl Pts',(-14.3370244628732,-5.14035872953877,9.7));
#3854=CARTESIAN_POINT('Ctrl Pts',(-14.3370798812131,-5.13570396279465,9.7));
#3855=CARTESIAN_POINT('Ctrl Pts',(-14.3371537548057,-5.1263957216294,9.7));
#3856=CARTESIAN_POINT('Ctrl Pts',(-14.3371722226465,-5.12174298585515,9.7));
#3857=CARTESIAN_POINT('Ctrl Pts',(-14.3371722226465,-5.11708988155258,9.7));
#3858=CARTESIAN_POINT('Ctrl Pts',(-14.3369505979007,-5.14501357378893,9.7));
#3859=CARTESIAN_POINT('Ctrl Pts',(-14.5235624843814,-5.1588987098172,9.35130656381508));
#3860=CARTESIAN_POINT('Ctrl Pts',(-14.7102775352481,-5.16993593999733,9.0026169717209));
#3861=CARTESIAN_POINT('Ctrl Pts',(-14.897006118715,-5.18004884391545,8.65391794322716));
#3862=CARTESIAN_POINT('Origin',(-14.504613977967,-3.75,9.38715664277329));
#3863=CARTESIAN_POINT('',(-14.3371722226465,-1.875,9.7));
#3864=CARTESIAN_POINT('Ctrl Pts',(-14.180149842465,-5.89887151715944,8.65043447869208));
#3865=CARTESIAN_POINT('Ctrl Pts',(-14.3406108073291,-5.90204207592296,8.64399346864532));
#3866=CARTESIAN_POINT('Ctrl Pts',(-14.7250890493872,-5.77572212243476,8.63449630579069));
#3867=CARTESIAN_POINT('Ctrl Pts',(-14.9030989288441,-5.3940977956172,8.6418464652964));
#3868=CARTESIAN_POINT('Ctrl Pts',(-14.8988715171594,-5.180149842465,8.65043447869208));
#3869=CARTESIAN_POINT('Ctrl Pts',(-14.169892358768,-5.70933575070508,9.00437541322319));
#3870=CARTESIAN_POINT('Ctrl Pts',(-14.2905063919636,-5.7120807869908,8.9978632723691));
#3871=CARTESIAN_POINT('Ctrl Pts',(-14.5796157995043,-5.6176777991342,8.98820650588675));
#3872=CARTESIAN_POINT('Ctrl Pts',(-14.712995799086,-5.33071106969549,8.99569255875107));
#3873=CARTESIAN_POINT('Ctrl Pts',(-14.7093357507051,-5.16989235876801,9.00437541322319));
#3874=CARTESIAN_POINT('Ctrl Pts',(-14.1586931113115,-5.51981334532956,9.35830650476814));
#3875=CARTESIAN_POINT('Ctrl Pts',(-14.2396756294422,-5.5223299258681,9.35172762984175));
#3876=CARTESIAN_POINT('Ctrl Pts',(-14.4342828242452,-5.45991198281993,9.34192169258439));
#3877=CARTESIAN_POINT('Ctrl Pts',(-14.5231687860476,-5.2666698021524,9.34953467153296));
#3878=CARTESIAN_POINT('Ctrl Pts',(-14.5198133453296,-5.15869311131152,9.35830650476814));
#3879=CARTESIAN_POINT('Ctrl Pts',(-14.1445248153456,-5.33039908398886,9.71224192057398));
#3880=CARTESIAN_POINT('Ctrl Pts',(-14.1865352357522,-5.33328435770794,9.70559454890149));
#3881=CARTESIAN_POINT('Ctrl Pts',(-14.2893915389611,-5.30303216509269,9.69563587702388));
#3882=CARTESIAN_POINT('Ctrl Pts',(-14.3342461156143,-5.2005387092211,9.703378758344));
#3883=CARTESIAN_POINT('Ctrl Pts',(-14.3303990839889,-5.14452481534559,9.71224192057398));
#3884=CARTESIAN_POINT('Ctrl Pts',(-14.1450136877249,-5.33695059064462,9.6999999981271));
#3885=CARTESIAN_POINT('Ctrl Pts',(-14.1562000755734,-5.33677317612741,9.6999999951778));
#3886=CARTESIAN_POINT('Ctrl Pts',(-14.1673481251526,-5.3355859604324,9.70000389997191));
#3887=CARTESIAN_POINT('Ctrl Pts',(-14.178320545205,-5.33348050024586,9.70000574179297));
#3888=CARTESIAN_POINT('Ctrl Pts',(-14.1895464245045,-5.33132640463058,9.70000762615949));
#3889=CARTESIAN_POINT('Ctrl Pts',(-14.200589924609,-5.32821107090769,9.70000724870477));
#3890=CARTESIAN_POINT('Ctrl Pts',(-14.2113084132351,-5.32418003046385,9.70000399085729));
#3891=CARTESIAN_POINT('Ctrl Pts',(-14.2140908945216,-5.32313358679145,9.70000314513175));
#3892=CARTESIAN_POINT('Ctrl Pts',(-14.2168514295813,-5.32202516675395,9.70000213960769));
#3893=CARTESIAN_POINT('Ctrl Pts',(-14.2195873759952,-5.32085501288659,9.70000103884898));
#3894=CARTESIAN_POINT('Ctrl Pts',(-14.2300862316159,-5.31636469229968,9.69999681482371));
#3895=CARTESIAN_POINT('Ctrl Pts',(-14.2401306201939,-5.31100923938231,9.69999047950228));
#3896=CARTESIAN_POINT('Ctrl Pts',(-14.2495834037439,-5.30481997632473,9.69998825531442));
#3897=CARTESIAN_POINT('Ctrl Pts',(-14.2546164844531,-5.30152453849586,9.69998707105828));
#3898=CARTESIAN_POINT('Ctrl Pts',(-14.2594816511533,-5.29799188352281,9.69998714702588));
#3899=CARTESIAN_POINT('Ctrl Pts',(-14.2641555742463,-5.29422130309235,9.69999013521533));
#3900=CARTESIAN_POINT('Ctrl Pts',(-14.2702212706935,-5.28932794137748,9.69999401321028));
#3901=CARTESIAN_POINT('Ctrl Pts',(-14.2759652108891,-5.28403404336478,9.70000275567822));
#3902=CARTESIAN_POINT('Ctrl Pts',(-14.2813801883722,-5.2783818775273,9.70001241407213));
#3903=CARTESIAN_POINT('Ctrl Pts',(-14.2891546345738,-5.27026689286432,9.70002628091905));
#3904=CARTESIAN_POINT('Ctrl Pts',(-14.2961828493888,-5.26148800547589,9.70004162002267));
#3905=CARTESIAN_POINT('Ctrl Pts',(-14.3024504332931,-5.25217766614241,9.70005128407411));
#3906=CARTESIAN_POINT('Ctrl Pts',(-14.3088231262062,-5.24271119000203,9.70006111019421));
#3907=CARTESIAN_POINT('Ctrl Pts',(-14.3144100764851,-5.23269402812716,9.70006510431416));
#3908=CARTESIAN_POINT('Ctrl Pts',(-14.3191518996518,-5.22223805704742,9.70006210475012));
#3909=CARTESIAN_POINT('Ctrl Pts',(-14.3201769883834,-5.21997768213353,9.70006145630348));
#3910=CARTESIAN_POINT('Ctrl Pts',(-14.3211623986001,-5.21769674055394,9.70006050312792));
#3911=CARTESIAN_POINT('Ctrl Pts',(-14.3221072181137,-5.21539628736725,9.70005926923772));
#3912=CARTESIAN_POINT('Ctrl Pts',(-14.3264703531552,-5.20477289552892,9.70005357118693));
#3913=CARTESIAN_POINT('Ctrl Pts',(-14.3299337744347,-5.19382664986254,9.70004168288988));
#3914=CARTESIAN_POINT('Ctrl Pts',(-14.3324246535771,-5.18267146590522,9.70002902273325));
#3915=CARTESIAN_POINT('Ctrl Pts',(-14.334829713512,-5.17190061574827,9.70001679876182));
#3916=CARTESIAN_POINT('Ctrl Pts',(-14.3363282481309,-5.16093378500647,9.70000393808838));
#3917=CARTESIAN_POINT('Ctrl Pts',(-14.3368067797254,-5.14987340610124,9.70000072331783));
#3918=CARTESIAN_POINT('Ctrl Pts',(-14.3368767846858,-5.14825537001712,9.70000025302519));
#3919=CARTESIAN_POINT('Ctrl Pts',(-14.3369248713212,-5.14663534942366,9.69999999769954));
#3920=CARTESIAN_POINT('Ctrl Pts',(-14.3369505906446,-5.14501368772488,9.6999999981271));
#3921=CARTESIAN_POINT('Origin',(8.25,-5.504613977967,9.38715664277329));
#3922=CARTESIAN_POINT('',(4.125,-5.3371722226465,9.7));
#3923=CARTESIAN_POINT('Ctrl Pts',(14.8988715171594,-5.180149842465,8.65043447869208));
#3924=CARTESIAN_POINT('Ctrl Pts',(14.9030989288441,-5.3940977956172,8.6418464652964));
#3925=CARTESIAN_POINT('Ctrl Pts',(14.7250890493872,-5.77572212243476,8.63449630579069));
#3926=CARTESIAN_POINT('Ctrl Pts',(14.3406108073291,-5.90204207592296,8.64399346864532));
#3927=CARTESIAN_POINT('Ctrl Pts',(14.180149842465,-5.89887151715944,8.65043447869208));
#3928=CARTESIAN_POINT('Ctrl Pts',(14.7093357507051,-5.16989235876801,9.00437541322319));
#3929=CARTESIAN_POINT('Ctrl Pts',(14.712995799086,-5.33071106969549,8.99569255875107));
#3930=CARTESIAN_POINT('Ctrl Pts',(14.5796157995044,-5.6176777991342,8.98820650588675));
#3931=CARTESIAN_POINT('Ctrl Pts',(14.2905063919636,-5.7120807869908,8.9978632723691));
#3932=CARTESIAN_POINT('Ctrl Pts',(14.169892358768,-5.70933575070508,9.00437541322319));
#3933=CARTESIAN_POINT('Ctrl Pts',(14.5198133453296,-5.15869311131152,9.35830650476814));
#3934=CARTESIAN_POINT('Ctrl Pts',(14.5231687860476,-5.2666698021524,9.34953467153296));
#3935=CARTESIAN_POINT('Ctrl Pts',(14.4342828242452,-5.45991198281993,9.34192169258439));
#3936=CARTESIAN_POINT('Ctrl Pts',(14.2396756294422,-5.5223299258681,9.35172762984175));
#3937=CARTESIAN_POINT('Ctrl Pts',(14.1586931113115,-5.51981334532956,9.35830650476814));
#3938=CARTESIAN_POINT('Ctrl Pts',(14.3303990839889,-5.14452481534559,9.71224192057398));
#3939=CARTESIAN_POINT('Ctrl Pts',(14.3342461156143,-5.20053870922109,9.703378758344));
#3940=CARTESIAN_POINT('Ctrl Pts',(14.2893915389611,-5.30303216509269,9.69563587702388));
#3941=CARTESIAN_POINT('Ctrl Pts',(14.1865352357522,-5.33328435770794,9.70559454890149));
#3942=CARTESIAN_POINT('Ctrl Pts',(14.1445248153456,-5.33039908398886,9.71224192057398));
#3943=CARTESIAN_POINT('Ctrl Pts',(14.3369505906446,-5.14501368772488,9.6999999981271));
#3944=CARTESIAN_POINT('Ctrl Pts',(14.3367749625055,-5.15608744038082,9.6999999952075));
#3945=CARTESIAN_POINT('Ctrl Pts',(14.3355606259744,-5.16708105439464,9.70001154461837));
#3946=CARTESIAN_POINT('Ctrl Pts',(14.3334294961428,-5.17789112874666,9.70002366363089));
#3947=CARTESIAN_POINT('Ctrl Pts',(14.3312197879925,-5.18909978860726,9.70003622949166));
#3948=CARTESIAN_POINT('Ctrl Pts',(14.3280242579623,-5.20011237511096,9.7000493206125));
#3949=CARTESIAN_POINT('Ctrl Pts',(14.3239243491577,-5.21081681165717,9.70005652623039));
#3950=CARTESIAN_POINT('Ctrl Pts',(14.3228365718452,-5.21365688536926,9.70005843800649));
#3951=CARTESIAN_POINT('Ctrl Pts',(14.3216848525158,-5.2164752245593,9.70005997042637));
#3952=CARTESIAN_POINT('Ctrl Pts',(14.3204701227421,-5.21926959009182,9.7000610818718));
#3953=CARTESIAN_POINT('Ctrl Pts',(14.315883826403,-5.22981991057395,9.70006527821095));
#3954=CARTESIAN_POINT('Ctrl Pts',(14.3104445788151,-5.23993483084402,9.70006267144934));
#3955=CARTESIAN_POINT('Ctrl Pts',(14.3042190845233,-5.24950509765467,9.70005388813975));
#3956=CARTESIAN_POINT('Ctrl Pts',(14.2980992047908,-5.25891300635145,9.70004525383766));
#3957=CARTESIAN_POINT('Ctrl Pts',(14.2912189046489,-5.26779578927234,9.70003061884336));
#3958=CARTESIAN_POINT('Ctrl Pts',(14.2835985116236,-5.2760264471455,9.70001646440845));
#3959=CARTESIAN_POINT('Ctrl Pts',(14.2818861637598,-5.27787592516851,9.70001328382232));
#3960=CARTESIAN_POINT('Ctrl Pts',(14.2801362922989,-5.27969234011946,9.70001015251678));
#3961=CARTESIAN_POINT('Ctrl Pts',(14.2783488680621,-5.28147398898917,9.70000718860376));
#3962=CARTESIAN_POINT('Ctrl Pts',(14.273832924751,-5.28597534078385,9.69999970025104));
#3963=CARTESIAN_POINT('Ctrl Pts',(14.2691005411456,-5.29023207539825,9.6999932809487));
#3964=CARTESIAN_POINT('Ctrl Pts',(14.2641555775435,-5.29422130713193,9.69999012573283));
#3965=CARTESIAN_POINT('Ctrl Pts',(14.2553744717478,-5.30130525530953,9.69998452280294));
#3966=CARTESIAN_POINT('Ctrl Pts',(14.2459245381815,-5.30754852087568,9.6999888247559));
#3967=CARTESIAN_POINT('Ctrl Pts',(14.2359555946503,-5.31294767052281,9.69999354148256));
#3968=CARTESIAN_POINT('Ctrl Pts',(14.2294145471725,-5.31649028204134,9.69999663632735));
#3969=CARTESIAN_POINT('Ctrl Pts',(14.2226493064799,-5.3196685811125,9.70000005099548));
#3970=CARTESIAN_POINT('Ctrl Pts',(14.2156977755623,-5.32247040583628,9.70000251227807));
#3971=CARTESIAN_POINT('Ctrl Pts',(14.2050641947666,-5.32675628615945,9.70000627723971));
#3972=CARTESIAN_POINT('Ctrl Pts',(14.1940875269347,-5.33012637683853,9.7000076811369));
#3973=CARTESIAN_POINT('Ctrl Pts',(14.1829122092925,-5.33254349996555,9.70000635719782));
#3974=CARTESIAN_POINT('Ctrl Pts',(14.1719748914255,-5.33490914582995,9.70000506145455));
#3975=CARTESIAN_POINT('Ctrl Pts',(14.1608458781581,-5.3363620501128,9.70000125243011));
#3976=CARTESIAN_POINT('Ctrl Pts',(14.1496612450694,-5.33681873967245,9.70000022205961));
#3977=CARTESIAN_POINT('Ctrl Pts',(14.1481129764038,-5.33688195838776,9.70000007942727));
#3978=CARTESIAN_POINT('Ctrl Pts',(14.1465636622188,-5.33692600827002,9.69999999771844));
#3979=CARTESIAN_POINT('Ctrl Pts',(14.1450136877249,-5.33695059064462,9.69999999812709));
#3980=CARTESIAN_POINT('Origin',(14.504613977967,3.75,9.38715664277329));
#3981=CARTESIAN_POINT('',(14.3371722226465,1.875,9.7));
#3982=CARTESIAN_POINT('Origin',(0.,1.11022302462516E-15,9.7));
#3983=CARTESIAN_POINT('Origin',(16.5,7.5,0.));
#3984=CARTESIAN_POINT('',(16.1856690847429,-5.18688741566887,9.00125970395166));
#3985=CARTESIAN_POINT('',(16.1856705289958,-5.11708988155258,9.00121834596181));
#3986=CARTESIAN_POINT('Ctrl Pts',(16.1856690847606,-5.18688741566948,9.00125970344581));
#3987=CARTESIAN_POINT('Ctrl Pts',(16.1856700560768,-5.16360441646292,9.0012318885889));
#3988=CARTESIAN_POINT('Ctrl Pts',(16.1856705289958,-5.14034736761435,9.00121834596181));
#3989=CARTESIAN_POINT('Ctrl Pts',(16.1856705289958,-5.11708988155259,9.00121834596181));
#3990=CARTESIAN_POINT('',(16.4933078052248,-5.49452615118662,0.19163938460083));
#3991=CARTESIAN_POINT('',(16.3253961525413,-5.13751037540903,5.));
#3992=CARTESIAN_POINT('',(16.5059906237332,-4.99528204601174,-0.171549018545973));
#3993=CARTESIAN_POINT('',(16.3253961525413,5.13751037540903,5.));
#3994=CARTESIAN_POINT('',(16.3253961525413,3.75,5.));
#3995=CARTESIAN_POINT('',(16.5021109163373,4.99833753435436,-0.0604487348932312));
#3996=CARTESIAN_POINT('',(16.185669084743,5.18688741566887,9.00125970395166));
#3997=CARTESIAN_POINT('',(16.4823593663175,5.48357771227929,0.505161654203805));
#3998=CARTESIAN_POINT('',(16.1856705289958,5.11708988155258,9.00121834596181));
#3999=CARTESIAN_POINT('Ctrl Pts',(16.1856705289958,5.11708988155258,9.00121834596181));
#4000=CARTESIAN_POINT('Ctrl Pts',(16.1856705289958,5.14034736761435,9.00121834596181));
#4001=CARTESIAN_POINT('Ctrl Pts',(16.1856700560768,5.16360441646292,9.0012318885889));
#4002=CARTESIAN_POINT('Ctrl Pts',(16.1856690847606,5.18688741566948,9.00125970344581));
#4003=CARTESIAN_POINT('',(16.1856705289958,3.75,9.00121834596181));
#4004=CARTESIAN_POINT('Origin',(18.,8.84624921987975E-16,0.));
#4005=CARTESIAN_POINT('',(19.8561478198122,2.35684434594356,5.));
#4006=CARTESIAN_POINT('',(19.8561478198122,2.35684434594356,0.));
#4007=CARTESIAN_POINT('',(19.8561478198122,-2.35684434594356,5.));
#4008=CARTESIAN_POINT('Origin',(18.,8.84624921987975E-16,5.));
#4009=CARTESIAN_POINT('',(19.8561478198122,-2.35684434594356,0.));
#4010=CARTESIAN_POINT('Origin',(18.,8.84624921987975E-16,0.));
#4011=CARTESIAN_POINT('',(16.825,7.40728923088161E-16,5.));
#4012=CARTESIAN_POINT('Origin',(18.,8.84624921987975E-16,5.));
#4013=CARTESIAN_POINT('',(16.825,7.40728923088161E-16,0.));
#4014=CARTESIAN_POINT('Origin',(16.5,-5.,0.));
#4015=CARTESIAN_POINT('',(16.5,-5.,5.));
#4016=CARTESIAN_POINT('Origin',(18.75,0.,5.));
#4017=CARTESIAN_POINT('',(16.5,5.,5.));
#4018=CARTESIAN_POINT('Origin',(19.8561478198122,2.35684434594356,0.));
#4019=CARTESIAN_POINT('Origin',(-18.,8.32667268468867E-16,0.));
#4020=CARTESIAN_POINT('',(-19.8561478198122,-2.35684434594356,5.));
#4021=CARTESIAN_POINT('',(-19.8561478198122,-2.35684434594356,0.));
#4022=CARTESIAN_POINT('',(-19.8561478198122,2.35684434594362,5.));
#4023=CARTESIAN_POINT('Origin',(-18.,8.32667268468867E-16,5.));
#4024=CARTESIAN_POINT('',(-19.8561478198122,2.35684434594362,0.));
#4025=CARTESIAN_POINT('Origin',(-19.8561478198122,-2.35684434594356,0.));
#4026=CARTESIAN_POINT('',(-16.3253961525413,-5.13751037540903,5.));
#4027=CARTESIAN_POINT('',(-16.5021109163373,-4.99833753435437,-0.0604487348932319));
#4028=CARTESIAN_POINT('',(-16.5,-5.,5.));
#4029=CARTESIAN_POINT('Origin',(-18.,8.32667268468867E-16,0.));
#4030=CARTESIAN_POINT('',(-19.175,6.88771269569053E-16,5.));
#4031=CARTESIAN_POINT('Origin',(-18.,8.32667268468867E-16,5.));
#4032=CARTESIAN_POINT('',(-19.175,6.88771269569053E-16,0.));
#4033=CARTESIAN_POINT('Origin',(-16.5,5.,0.));
#4034=CARTESIAN_POINT('',(-16.3253961525413,5.13751037540903,5.));
#4035=CARTESIAN_POINT('',(-16.5059906237332,4.99528204601174,-0.171549018545974));
#4036=CARTESIAN_POINT('',(-16.5,5.,5.));
#4037=CARTESIAN_POINT('Origin',(-18.75,0.,5.));
#4038=CARTESIAN_POINT('',(-16.3253961525413,-3.75,5.));
#4039=CARTESIAN_POINT('Origin',(-14.4835777122793,-5.48357771227929,0.435362660798803));
#4040=CARTESIAN_POINT('',(-16.185669084743,-5.18688741566887,9.00125970395166));
#4041=CARTESIAN_POINT('',(-14.1868874156689,-7.18566908474295,9.00125970395166));
#4042=CARTESIAN_POINT('Ctrl Pts',(-16.1856690847606,-5.18688741566948,9.00125970344581));
#4043=CARTESIAN_POINT('Ctrl Pts',(-16.1856443406846,-5.78012375724423,9.0019684088617));
#4044=CARTESIAN_POINT('Ctrl Pts',(-15.685683168446,-6.82380303694681,9.0029880909148));
#4045=CARTESIAN_POINT('Ctrl Pts',(-14.6318146718505,-7.1856505267036,9.00179123250772));
#4046=CARTESIAN_POINT('Ctrl Pts',(-14.1868874156695,-7.18566908476061,9.00125970344581));
#4047=CARTESIAN_POINT('',(-16.4823593663175,-5.48357771227929,0.505161654203805));
#4048=CARTESIAN_POINT('',(-14.4835777122793,-7.48235936631748,0.505161654203805));
#4049=CARTESIAN_POINT('Origin',(16.5,-7.5,0.));
#4050=CARTESIAN_POINT('',(14.1868874156689,-7.18566908474295,9.00125970395166));
#4051=CARTESIAN_POINT('',(14.4945261511866,-7.49330780522481,0.191639384600829));
#4052=CARTESIAN_POINT('',(14.1170898815526,-7.18567052899578,9.00121834596181));
#4053=CARTESIAN_POINT('Ctrl Pts',(14.1170898815526,-7.18567052899578,9.00121834596181));
#4054=CARTESIAN_POINT('Ctrl Pts',(14.1403473676143,-7.18567052899578,9.00121834596181));
#4055=CARTESIAN_POINT('Ctrl Pts',(14.1636044164629,-7.18567005607682,9.0012318885889));
#4056=CARTESIAN_POINT('Ctrl Pts',(14.1868874156695,-7.18566908476061,9.00125970344581));
#4057=CARTESIAN_POINT('',(-14.1170898815526,-7.18567052899578,9.00121834596181));
#4058=CARTESIAN_POINT('',(8.25,-7.18567052899578,9.00121834596181));
#4059=CARTESIAN_POINT('Ctrl Pts',(-14.1868874156695,-7.18566908476061,9.00125970344581));
#4060=CARTESIAN_POINT('Ctrl Pts',(-14.1636044164629,-7.18567005607682,9.0012318885889));
#4061=CARTESIAN_POINT('Ctrl Pts',(-14.1403473676144,-7.18567052899578,9.00121834596181));
#4062=CARTESIAN_POINT('Ctrl Pts',(-14.1170898815526,-7.18567052899578,9.00121834596181));
#4063=CARTESIAN_POINT('Origin',(14.4945261511866,-5.49452615118662,0.121840391195828));
#4064=CARTESIAN_POINT('Ctrl Pts',(14.1868874156695,-7.18566908476061,9.00125970344581));
#4065=CARTESIAN_POINT('Ctrl Pts',(14.6318146718505,-7.1856505267036,9.00179123250772));
#4066=CARTESIAN_POINT('Ctrl Pts',(15.685683168446,-6.82380303694681,9.00298809091479));
#4067=CARTESIAN_POINT('Ctrl Pts',(16.1856443406846,-5.78012375724423,9.0019684088617));
#4068=CARTESIAN_POINT('Ctrl Pts',(16.1856690847606,-5.18688741566948,9.00125970344581));
#4069=CARTESIAN_POINT('Origin',(14.4835777122793,5.48357771227929,0.435362660798803));
#4070=CARTESIAN_POINT('',(14.1868874156689,7.18566908474295,9.00125970395166));
#4071=CARTESIAN_POINT('Ctrl Pts',(16.1856690847606,5.18688741566948,9.00125970344581));
#4072=CARTESIAN_POINT('Ctrl Pts',(16.1856443406846,5.78012375724423,9.0019684088617));
#4073=CARTESIAN_POINT('Ctrl Pts',(15.685683168446,6.82380303694681,9.00298809091479));
#4074=CARTESIAN_POINT('Ctrl Pts',(14.6318146718505,7.1856505267036,9.00179123250772));
#4075=CARTESIAN_POINT('Ctrl Pts',(14.1868874156695,7.18566908476061,9.00125970344581));
#4076=CARTESIAN_POINT('',(14.4835777122793,7.48235936631748,0.505161654203805));
#4077=CARTESIAN_POINT('Origin',(-16.5,7.5,0.));
#4078=CARTESIAN_POINT('',(-14.1868874156689,7.18566908474295,9.00125970395166));
#4079=CARTESIAN_POINT('',(-14.4945261511866,7.49330780522481,0.191639384600829));
#4080=CARTESIAN_POINT('',(-14.1170898815526,7.18567052899578,9.00121834596181));
#4081=CARTESIAN_POINT('Ctrl Pts',(-14.1170898815526,7.18567052899578,9.00121834596181));
#4082=CARTESIAN_POINT('Ctrl Pts',(-14.1403473676143,7.18567052899578,9.00121834596181));
#4083=CARTESIAN_POINT('Ctrl Pts',(-14.1636044164629,7.18567005607682,9.0012318885889));
#4084=CARTESIAN_POINT('Ctrl Pts',(-14.1868874156695,7.18566908476061,9.00125970344581));
#4085=CARTESIAN_POINT('',(14.1170898815526,7.18567052899578,9.00121834596181));
#4086=CARTESIAN_POINT('',(-8.25,7.18567052899578,9.00121834596181));
#4087=CARTESIAN_POINT('Ctrl Pts',(14.1868874156695,7.18566908476061,9.00125970344581));
#4088=CARTESIAN_POINT('Ctrl Pts',(14.1636044164629,7.18567005607682,9.0012318885889));
#4089=CARTESIAN_POINT('Ctrl Pts',(14.1403473676144,7.18567052899578,9.00121834596181));
#4090=CARTESIAN_POINT('Ctrl Pts',(14.1170898815526,7.18567052899578,9.00121834596181));
#4091=CARTESIAN_POINT('Origin',(-14.4945261511866,5.49452615118662,0.121840391195827));
#4092=CARTESIAN_POINT('',(-16.1856690847429,5.18688741566887,9.00125970395166));
#4093=CARTESIAN_POINT('Ctrl Pts',(-14.1868874156695,7.18566908476061,9.00125970344581));
#4094=CARTESIAN_POINT('Ctrl Pts',(-14.6318146718505,7.1856505267036,9.00179123250772));
#4095=CARTESIAN_POINT('Ctrl Pts',(-15.685683168446,6.82380303694681,9.0029880909148));
#4096=CARTESIAN_POINT('Ctrl Pts',(-16.1856443406846,5.78012375724423,9.0019684088617));
#4097=CARTESIAN_POINT('Ctrl Pts',(-16.1856690847606,5.18688741566948,9.00125970344581));
#4098=CARTESIAN_POINT('',(-16.4933078052248,5.49452615118662,0.19163938460083));
#4099=CARTESIAN_POINT('Origin',(-16.5,-7.5,0.));
#4100=CARTESIAN_POINT('',(-16.1856705289958,-5.11708988155258,9.00121834596181));
#4101=CARTESIAN_POINT('Ctrl Pts',(-16.1856705289958,-5.11708988155258,9.00121834596181));
#4102=CARTESIAN_POINT('Ctrl Pts',(-16.1856705289958,-5.14034736761435,9.00121834596181));
#4103=CARTESIAN_POINT('Ctrl Pts',(-16.1856700560768,-5.16360441646292,9.0012318885889));
#4104=CARTESIAN_POINT('Ctrl Pts',(-16.1856690847606,-5.18688741566948,9.00125970344581));
#4105=CARTESIAN_POINT('',(-16.1856705289958,5.11708988155258,9.00121834596181));
#4106=CARTESIAN_POINT('',(-16.1856705289958,-3.75,9.00121834596181));
#4107=CARTESIAN_POINT('Ctrl Pts',(-16.1856690847606,5.18688741566948,9.00125970344581));
#4108=CARTESIAN_POINT('Ctrl Pts',(-16.1856700560768,5.16360441646292,9.0012318885889));
#4109=CARTESIAN_POINT('Ctrl Pts',(-16.1856705289958,5.14034736761435,9.00121834596181));
#4110=CARTESIAN_POINT('Ctrl Pts',(-16.1856705289958,5.11708988155259,9.00121834596181));
#4111=CARTESIAN_POINT('Ctrl Pts',(16.1856690847606,5.18688741566948,9.00125970344581));
#4112=CARTESIAN_POINT('Ctrl Pts',(16.1856700560768,5.16360441646292,9.0012318885889));
#4113=CARTESIAN_POINT('Ctrl Pts',(16.1856705289958,5.14034736761435,9.00121834596181));
#4114=CARTESIAN_POINT('Ctrl Pts',(16.1856705289958,5.11708988155258,9.00121834596181));
#4115=CARTESIAN_POINT('Ctrl Pts',(15.8288805359539,5.17486217313502,9.66750646896388));
#4116=CARTESIAN_POINT('Ctrl Pts',(15.829007410223,5.15559503090301,9.66748792572594));
#4117=CARTESIAN_POINT('Ctrl Pts',(15.8290708645274,5.13634275573447,9.66747889730787));
#4118=CARTESIAN_POINT('Ctrl Pts',(15.8290708645274,5.11708988155258,9.66747889730787));
#4119=CARTESIAN_POINT('Ctrl Pts',(15.4720919871472,5.16283693060055,10.3337532344819));
#4120=CARTESIAN_POINT('Ctrl Pts',(15.4723447643692,5.1475856453431,10.333743962863));
#4121=CARTESIAN_POINT('Ctrl Pts',(15.4724712000591,5.13233814385459,10.3337394486539));
#4122=CARTESIAN_POINT('Ctrl Pts',(15.4724712000591,5.11708988155258,10.3337394486539));
#4123=CARTESIAN_POINT('Ctrl Pts',(15.1153034383404,5.15081168806608,11.));
#4124=CARTESIAN_POINT('Ctrl Pts',(15.1156821185154,5.13957625978319,11.));
#4125=CARTESIAN_POINT('Ctrl Pts',(15.1158715355908,5.12833353197471,11.));
#4126=CARTESIAN_POINT('Ctrl Pts',(15.1158715355908,5.11708988155258,11.));
#4127=CARTESIAN_POINT('',(15.1158715355908,5.11708988155258,11.));
#4128=CARTESIAN_POINT('',(16.1856705289958,5.11708988155258,9.00121834596181));
#4129=CARTESIAN_POINT('',(15.1153034383404,5.15081168806608,11.));
#4130=CARTESIAN_POINT('',(15.1153034383404,5.15081168806608,11.));
#4131=CARTESIAN_POINT('Ctrl Pts',(15.1153034383404,5.15081168806608,11.));
#4132=CARTESIAN_POINT('Ctrl Pts',(15.1156821185154,5.13957625978319,11.));
#4133=CARTESIAN_POINT('Ctrl Pts',(15.1158715355908,5.12833353197471,11.));
#4134=CARTESIAN_POINT('Ctrl Pts',(15.1158715355908,5.11708988155258,11.));
#4135=CARTESIAN_POINT('Ctrl Pts',(16.1856705289958,-5.11708988155259,9.00121834596181));
#4136=CARTESIAN_POINT('Ctrl Pts',(16.1856705289958,-5.14034736761435,9.00121834596181));
#4137=CARTESIAN_POINT('Ctrl Pts',(16.1856700560768,-5.16360441646292,9.0012318885889));
#4138=CARTESIAN_POINT('Ctrl Pts',(16.1856690847606,-5.18688741566948,9.00125970344581));
#4139=CARTESIAN_POINT('Ctrl Pts',(15.8290708645274,-5.11708988155259,9.66747889730787));
#4140=CARTESIAN_POINT('Ctrl Pts',(15.8290708645274,-5.13634275573447,9.66747889730787));
#4141=CARTESIAN_POINT('Ctrl Pts',(15.829007410223,-5.15559503090301,9.66748792572594));
#4142=CARTESIAN_POINT('Ctrl Pts',(15.8288805359539,-5.17486217313501,9.66750646896388));
#4143=CARTESIAN_POINT('Ctrl Pts',(15.4724712000591,-5.11708988155259,10.3337394486539));
#4144=CARTESIAN_POINT('Ctrl Pts',(15.4724712000591,-5.13233814385459,10.3337394486539));
#4145=CARTESIAN_POINT('Ctrl Pts',(15.4723447643692,-5.1475856453431,10.333743962863));
#4146=CARTESIAN_POINT('Ctrl Pts',(15.4720919871472,-5.16283693060055,10.3337532344819));
#4147=CARTESIAN_POINT('Ctrl Pts',(15.1158715355908,-5.11708988155258,11.));
#4148=CARTESIAN_POINT('Ctrl Pts',(15.1158715355908,-5.12833353197471,11.));
#4149=CARTESIAN_POINT('Ctrl Pts',(15.1156821185154,-5.13957625978319,11.));
#4150=CARTESIAN_POINT('Ctrl Pts',(15.1153034383404,-5.15081168806608,11.));
#4151=CARTESIAN_POINT('',(15.1153034383404,-5.15081168806608,11.));
#4152=CARTESIAN_POINT('',(16.1856690847429,-5.18688741566887,9.00125970395166));
#4153=CARTESIAN_POINT('',(15.1158715355908,-5.11708988155258,11.));
#4154=CARTESIAN_POINT('',(15.1158715355908,-5.11708988155258,11.));
#4155=CARTESIAN_POINT('Ctrl Pts',(15.1158715355908,-5.11708988155258,11.));
#4156=CARTESIAN_POINT('Ctrl Pts',(15.1158715355908,-5.12833353197471,11.));
#4157=CARTESIAN_POINT('Ctrl Pts',(15.1156821185154,-5.13957625978319,11.));
#4158=CARTESIAN_POINT('Ctrl Pts',(15.1153034383404,-5.15081168806608,11.));
#4159=CARTESIAN_POINT('Ctrl Pts',(14.1170898815526,7.18567052899578,9.00121834596181));
#4160=CARTESIAN_POINT('Ctrl Pts',(14.1403473676144,7.18567052899578,9.00121834596181));
#4161=CARTESIAN_POINT('Ctrl Pts',(14.1636044164629,7.18567005607682,9.0012318885889));
#4162=CARTESIAN_POINT('Ctrl Pts',(14.1868874156695,7.18566908476061,9.00125970344581));
#4163=CARTESIAN_POINT('Ctrl Pts',(14.1170898815526,6.82907086452744,9.66747889730787));
#4164=CARTESIAN_POINT('Ctrl Pts',(14.1363427557345,6.82907086452744,9.66747889730787));
#4165=CARTESIAN_POINT('Ctrl Pts',(14.155595030903,6.82900741022301,9.66748792572594));
#4166=CARTESIAN_POINT('Ctrl Pts',(14.174862173135,6.82888053595389,9.66750646896388));
#4167=CARTESIAN_POINT('Ctrl Pts',(14.1170898815526,6.47247120005911,10.3337394486539));
#4168=CARTESIAN_POINT('Ctrl Pts',(14.1323381438546,6.47247120005911,10.3337394486539));
#4169=CARTESIAN_POINT('Ctrl Pts',(14.1475856453431,6.47234476436919,10.333743962863));
#4170=CARTESIAN_POINT('Ctrl Pts',(14.1628369306006,6.47209198714716,10.3337532344819));
#4171=CARTESIAN_POINT('Ctrl Pts',(14.1170898815526,6.11587153559078,11.));
#4172=CARTESIAN_POINT('Ctrl Pts',(14.1283335319747,6.11587153559078,11.));
#4173=CARTESIAN_POINT('Ctrl Pts',(14.1395762597832,6.11568211851538,11.));
#4174=CARTESIAN_POINT('Ctrl Pts',(14.1508116880661,6.11530343834043,11.));
#4175=CARTESIAN_POINT('',(14.1508116880661,6.11530343834043,11.));
#4176=CARTESIAN_POINT('',(14.1868874156689,7.18566908474295,9.00125970395166));
#4177=CARTESIAN_POINT('',(14.1170898815526,6.11587153559078,11.));
#4178=CARTESIAN_POINT('',(14.1170898815526,6.11587153559078,11.));
#4179=CARTESIAN_POINT('Ctrl Pts',(14.1170898815526,6.11587153559078,11.));
#4180=CARTESIAN_POINT('Ctrl Pts',(14.1283335319747,6.11587153559078,11.));
#4181=CARTESIAN_POINT('Ctrl Pts',(14.1395762597832,6.11568211851538,11.));
#4182=CARTESIAN_POINT('Ctrl Pts',(14.1508116880661,6.11530343834043,11.));
#4183=CARTESIAN_POINT('Ctrl Pts',(14.1868874156695,7.18566908476061,9.00125970344581));
#4184=CARTESIAN_POINT('Ctrl Pts',(14.6318146718505,7.1856505267036,9.00179123250772));
#4185=CARTESIAN_POINT('Ctrl Pts',(15.685683168446,6.82380303694681,9.00298809091479));
#4186=CARTESIAN_POINT('Ctrl Pts',(16.1856443406846,5.78012375724423,9.0019684088617));
#4187=CARTESIAN_POINT('Ctrl Pts',(16.1856690847606,5.18688741566948,9.00125970344581));
#4188=CARTESIAN_POINT('Ctrl Pts',(14.174862173135,6.82888053595389,9.66750646896388));
#4189=CARTESIAN_POINT('Ctrl Pts',(14.5430482754177,6.82645603007134,9.66786082167182));
#4190=CARTESIAN_POINT('Ctrl Pts',(15.4107256129404,6.52415157201949,9.66865872727653));
#4191=CARTESIAN_POINT('Ctrl Pts',(15.8256478614438,5.66577697617857,9.66797893924113));
#4192=CARTESIAN_POINT('Ctrl Pts',(15.8288805359539,5.17486217313501,9.66750646896388));
#4193=CARTESIAN_POINT('Ctrl Pts',(14.1628369306006,6.47209198714716,10.3337532344819));
#4194=CARTESIAN_POINT('Ctrl Pts',(14.4542818789848,6.46726153343908,10.3339304108359));
#4195=CARTESIAN_POINT('Ctrl Pts',(15.1357680574348,6.22450010709217,10.3343293636383));
#4196=CARTESIAN_POINT('Ctrl Pts',(15.4656513822031,5.55143019511291,10.3339894696206));
#4197=CARTESIAN_POINT('Ctrl Pts',(15.4720919871472,5.16283693060055,10.3337532344819));
#4198=CARTESIAN_POINT('Ctrl Pts',(14.1508116880661,6.11530343834043,11.));
#4199=CARTESIAN_POINT('Ctrl Pts',(14.365515482552,6.10806703680682,11.));
#4200=CARTESIAN_POINT('Ctrl Pts',(14.8608105019292,5.92484864216485,11.));
#4201=CARTESIAN_POINT('Ctrl Pts',(15.1056549029623,5.43708341404725,11.));
#4202=CARTESIAN_POINT('Ctrl Pts',(15.1153034383404,5.15081168806608,11.));
#4203=CARTESIAN_POINT('Ctrl Pts',(14.1508116880661,6.11530343834043,11.));
#4204=CARTESIAN_POINT('Ctrl Pts',(14.365515482552,6.10806703680682,11.));
#4205=CARTESIAN_POINT('Ctrl Pts',(14.8608105019292,5.92484864216485,11.));
#4206=CARTESIAN_POINT('Ctrl Pts',(15.1056549029623,5.43708341404725,11.));
#4207=CARTESIAN_POINT('Ctrl Pts',(15.1153034383404,5.15081168806608,11.));
#4208=CARTESIAN_POINT('Ctrl Pts',(14.1868874156695,-7.18566908476061,9.00125970344581));
#4209=CARTESIAN_POINT('Ctrl Pts',(14.1636044164629,-7.18567005607682,9.0012318885889));
#4210=CARTESIAN_POINT('Ctrl Pts',(14.1403473676143,-7.18567052899578,9.00121834596181));
#4211=CARTESIAN_POINT('Ctrl Pts',(14.1170898815526,-7.18567052899578,9.00121834596181));
#4212=CARTESIAN_POINT('Ctrl Pts',(14.174862173135,-6.82888053595388,9.66750646896388));
#4213=CARTESIAN_POINT('Ctrl Pts',(14.155595030903,-6.829007410223,9.66748792572594));
#4214=CARTESIAN_POINT('Ctrl Pts',(14.1363427557345,-6.82907086452744,9.66747889730787));
#4215=CARTESIAN_POINT('Ctrl Pts',(14.1170898815526,-6.82907086452744,9.66747889730787));
#4216=CARTESIAN_POINT('Ctrl Pts',(14.1628369306006,-6.47209198714716,10.3337532344819));
#4217=CARTESIAN_POINT('Ctrl Pts',(14.1475856453431,-6.47234476436919,10.333743962863));
#4218=CARTESIAN_POINT('Ctrl Pts',(14.1323381438546,-6.47247120005911,10.3337394486539));
#4219=CARTESIAN_POINT('Ctrl Pts',(14.1170898815526,-6.47247120005911,10.3337394486539));
#4220=CARTESIAN_POINT('Ctrl Pts',(14.1508116880661,-6.11530343834043,11.));
#4221=CARTESIAN_POINT('Ctrl Pts',(14.1395762597832,-6.11568211851538,11.));
#4222=CARTESIAN_POINT('Ctrl Pts',(14.1283335319747,-6.11587153559077,11.));
#4223=CARTESIAN_POINT('Ctrl Pts',(14.1170898815526,-6.11587153559077,11.));
#4224=CARTESIAN_POINT('',(14.1170898815526,-6.11587153559077,11.));
#4225=CARTESIAN_POINT('',(14.1170898815526,-7.18567052899578,9.00121834596181));
#4226=CARTESIAN_POINT('',(14.1508116880661,-6.11530343834043,11.));
#4227=CARTESIAN_POINT('',(14.1508116880661,-6.11530343834043,11.));
#4228=CARTESIAN_POINT('Ctrl Pts',(14.1508116880661,-6.11530343834043,11.));
#4229=CARTESIAN_POINT('Ctrl Pts',(14.1395762597832,-6.11568211851538,11.));
#4230=CARTESIAN_POINT('Ctrl Pts',(14.1283335319747,-6.11587153559077,11.));
#4231=CARTESIAN_POINT('Ctrl Pts',(14.1170898815526,-6.11587153559077,11.));
#4232=CARTESIAN_POINT('Ctrl Pts',(-14.1868874156695,7.18566908476061,9.00125970344581));
#4233=CARTESIAN_POINT('Ctrl Pts',(-14.1636044164629,7.18567005607682,9.0012318885889));
#4234=CARTESIAN_POINT('Ctrl Pts',(-14.1403473676143,7.18567052899578,9.00121834596181));
#4235=CARTESIAN_POINT('Ctrl Pts',(-14.1170898815526,7.18567052899578,9.00121834596181));
#4236=CARTESIAN_POINT('Ctrl Pts',(-14.174862173135,6.82888053595389,9.66750646896388));
#4237=CARTESIAN_POINT('Ctrl Pts',(-14.155595030903,6.829007410223,9.66748792572594));
#4238=CARTESIAN_POINT('Ctrl Pts',(-14.1363427557345,6.82907086452744,9.66747889730787));
#4239=CARTESIAN_POINT('Ctrl Pts',(-14.1170898815526,6.82907086452744,9.66747889730787));
#4240=CARTESIAN_POINT('Ctrl Pts',(-14.1628369306005,6.47209198714716,10.3337532344819));
#4241=CARTESIAN_POINT('Ctrl Pts',(-14.1475856453431,6.47234476436919,10.333743962863));
#4242=CARTESIAN_POINT('Ctrl Pts',(-14.1323381438546,6.47247120005911,10.3337394486539));
#4243=CARTESIAN_POINT('Ctrl Pts',(-14.1170898815526,6.47247120005911,10.3337394486539));
#4244=CARTESIAN_POINT('Ctrl Pts',(-14.1508116880661,6.11530343834043,11.));
#4245=CARTESIAN_POINT('Ctrl Pts',(-14.1395762597832,6.11568211851538,11.));
#4246=CARTESIAN_POINT('Ctrl Pts',(-14.1283335319747,6.11587153559077,11.));
#4247=CARTESIAN_POINT('Ctrl Pts',(-14.1170898815526,6.11587153559077,11.));
#4248=CARTESIAN_POINT('',(-14.1170898815526,6.11587153559078,11.));
#4249=CARTESIAN_POINT('',(-14.1170898815526,7.18567052899578,9.00121834596181));
#4250=CARTESIAN_POINT('',(-14.1508116880661,6.11530343834043,11.));
#4251=CARTESIAN_POINT('',(-14.1508116880661,6.11530343834043,11.));
#4252=CARTESIAN_POINT('Ctrl Pts',(-14.1508116880661,6.11530343834043,11.));
#4253=CARTESIAN_POINT('Ctrl Pts',(-14.1395762597832,6.11568211851538,11.));
#4254=CARTESIAN_POINT('Ctrl Pts',(-14.1283335319747,6.11587153559077,11.));
#4255=CARTESIAN_POINT('Ctrl Pts',(-14.1170898815526,6.11587153559077,11.));
#4256=CARTESIAN_POINT('Origin',(-8.25,6.65077103229328,10.0006091729809));
#4257=CARTESIAN_POINT('',(-8.25,6.11587153559078,11.));
#4258=CARTESIAN_POINT('Ctrl Pts',(-14.1170898815526,-7.18567052899578,9.00121834596181));
#4259=CARTESIAN_POINT('Ctrl Pts',(-14.1403473676144,-7.18567052899578,9.00121834596181));
#4260=CARTESIAN_POINT('Ctrl Pts',(-14.1636044164629,-7.18567005607682,9.0012318885889));
#4261=CARTESIAN_POINT('Ctrl Pts',(-14.1868874156695,-7.18566908476061,9.00125970344581));
#4262=CARTESIAN_POINT('Ctrl Pts',(-14.1170898815526,-6.82907086452744,9.66747889730787));
#4263=CARTESIAN_POINT('Ctrl Pts',(-14.1363427557345,-6.82907086452744,9.66747889730787));
#4264=CARTESIAN_POINT('Ctrl Pts',(-14.155595030903,-6.829007410223,9.66748792572594));
#4265=CARTESIAN_POINT('Ctrl Pts',(-14.174862173135,-6.82888053595388,9.66750646896388));
#4266=CARTESIAN_POINT('Ctrl Pts',(-14.1170898815526,-6.47247120005911,10.3337394486539));
#4267=CARTESIAN_POINT('Ctrl Pts',(-14.1323381438546,-6.47247120005911,10.3337394486539));
#4268=CARTESIAN_POINT('Ctrl Pts',(-14.1475856453431,-6.47234476436919,10.333743962863));
#4269=CARTESIAN_POINT('Ctrl Pts',(-14.1628369306006,-6.47209198714716,10.3337532344819));
#4270=CARTESIAN_POINT('Ctrl Pts',(-14.1170898815526,-6.11587153559077,11.));
#4271=CARTESIAN_POINT('Ctrl Pts',(-14.1283335319747,-6.11587153559077,11.));
#4272=CARTESIAN_POINT('Ctrl Pts',(-14.1395762597832,-6.11568211851538,11.));
#4273=CARTESIAN_POINT('Ctrl Pts',(-14.1508116880661,-6.11530343834043,11.));
#4274=CARTESIAN_POINT('',(-14.1508116880661,-6.11530343834043,11.));
#4275=CARTESIAN_POINT('',(-14.1868874156689,-7.18566908474295,9.00125970395166));
#4276=CARTESIAN_POINT('',(-14.1170898815526,-6.11587153559077,11.));
#4277=CARTESIAN_POINT('',(-14.1170898815526,-6.11587153559077,11.));
#4278=CARTESIAN_POINT('Ctrl Pts',(-14.1170898815526,-6.11587153559077,11.));
#4279=CARTESIAN_POINT('Ctrl Pts',(-14.1283335319747,-6.11587153559077,11.));
#4280=CARTESIAN_POINT('Ctrl Pts',(-14.1395762597832,-6.11568211851538,11.));
#4281=CARTESIAN_POINT('Ctrl Pts',(-14.1508116880661,-6.11530343834043,11.));
#4282=CARTESIAN_POINT('Ctrl Pts',(-16.1856705289958,5.11708988155259,9.00121834596181));
#4283=CARTESIAN_POINT('Ctrl Pts',(-16.1856705289958,5.14034736761435,9.00121834596181));
#4284=CARTESIAN_POINT('Ctrl Pts',(-16.1856700560768,5.16360441646292,9.0012318885889));
#4285=CARTESIAN_POINT('Ctrl Pts',(-16.1856690847606,5.18688741566948,9.00125970344581));
#4286=CARTESIAN_POINT('Ctrl Pts',(-15.8290708645274,5.11708988155259,9.66747889730787));
#4287=CARTESIAN_POINT('Ctrl Pts',(-15.8290708645274,5.13634275573447,9.66747889730787));
#4288=CARTESIAN_POINT('Ctrl Pts',(-15.829007410223,5.15559503090301,9.66748792572594));
#4289=CARTESIAN_POINT('Ctrl Pts',(-15.8288805359539,5.17486217313501,9.66750646896388));
#4290=CARTESIAN_POINT('Ctrl Pts',(-15.4724712000591,5.11708988155258,10.3337394486539));
#4291=CARTESIAN_POINT('Ctrl Pts',(-15.4724712000591,5.13233814385459,10.3337394486539));
#4292=CARTESIAN_POINT('Ctrl Pts',(-15.4723447643692,5.1475856453431,10.333743962863));
#4293=CARTESIAN_POINT('Ctrl Pts',(-15.4720919871472,5.16283693060055,10.3337532344819));
#4294=CARTESIAN_POINT('Ctrl Pts',(-15.1158715355908,5.11708988155258,11.));
#4295=CARTESIAN_POINT('Ctrl Pts',(-15.1158715355908,5.12833353197471,11.));
#4296=CARTESIAN_POINT('Ctrl Pts',(-15.1156821185154,5.13957625978319,11.));
#4297=CARTESIAN_POINT('Ctrl Pts',(-15.1153034383404,5.15081168806608,11.));
#4298=CARTESIAN_POINT('',(-15.1153034383404,5.15081168806608,11.));
#4299=CARTESIAN_POINT('',(-16.1856690847429,5.18688741566887,9.00125970395166));
#4300=CARTESIAN_POINT('',(-15.1158715355908,5.11708988155258,11.));
#4301=CARTESIAN_POINT('',(-15.1158715355908,5.11708988155258,11.));
#4302=CARTESIAN_POINT('Ctrl Pts',(-15.1158715355908,5.11708988155258,11.));
#4303=CARTESIAN_POINT('Ctrl Pts',(-15.1158715355908,5.12833353197471,11.));
#4304=CARTESIAN_POINT('Ctrl Pts',(-15.1156821185154,5.13957625978319,11.));
#4305=CARTESIAN_POINT('Ctrl Pts',(-15.1153034383404,5.15081168806608,11.));
#4306=CARTESIAN_POINT('Ctrl Pts',(-16.1856690847606,5.18688741566948,9.00125970344581));
#4307=CARTESIAN_POINT('Ctrl Pts',(-16.1856443406846,5.78012375724423,9.0019684088617));
#4308=CARTESIAN_POINT('Ctrl Pts',(-15.685683168446,6.82380303694681,9.0029880909148));
#4309=CARTESIAN_POINT('Ctrl Pts',(-14.6318146718505,7.1856505267036,9.00179123250772));
#4310=CARTESIAN_POINT('Ctrl Pts',(-14.1868874156695,7.18566908476061,9.00125970344581));
#4311=CARTESIAN_POINT('Ctrl Pts',(-15.8288805359539,5.17486217313501,9.66750646896388));
#4312=CARTESIAN_POINT('Ctrl Pts',(-15.8256478614438,5.66577697617857,9.66797893924113));
#4313=CARTESIAN_POINT('Ctrl Pts',(-15.4107256129404,6.52415157201949,9.66865872727653));
#4314=CARTESIAN_POINT('Ctrl Pts',(-14.5430482754177,6.82645603007134,9.66786082167182));
#4315=CARTESIAN_POINT('Ctrl Pts',(-14.174862173135,6.82888053595388,9.66750646896388));
#4316=CARTESIAN_POINT('Ctrl Pts',(-15.4720919871472,5.16283693060055,10.3337532344819));
#4317=CARTESIAN_POINT('Ctrl Pts',(-15.465651382203,5.55143019511291,10.3339894696206));
#4318=CARTESIAN_POINT('Ctrl Pts',(-15.1357680574348,6.22450010709217,10.3343293636383));
#4319=CARTESIAN_POINT('Ctrl Pts',(-14.4542818789848,6.46726153343907,10.3339304108359));
#4320=CARTESIAN_POINT('Ctrl Pts',(-14.1628369306005,6.47209198714716,10.3337532344819));
#4321=CARTESIAN_POINT('Ctrl Pts',(-15.1153034383404,5.15081168806608,11.));
#4322=CARTESIAN_POINT('Ctrl Pts',(-15.1056549029623,5.43708341404725,11.));
#4323=CARTESIAN_POINT('Ctrl Pts',(-14.8608105019292,5.92484864216485,11.));
#4324=CARTESIAN_POINT('Ctrl Pts',(-14.365515482552,6.10806703680681,11.));
#4325=CARTESIAN_POINT('Ctrl Pts',(-14.1508116880661,6.11530343834043,11.));
#4326=CARTESIAN_POINT('Ctrl Pts',(-15.1153034383404,5.15081168806608,11.));
#4327=CARTESIAN_POINT('Ctrl Pts',(-15.1056549029623,5.43708341404725,11.));
#4328=CARTESIAN_POINT('Ctrl Pts',(-14.8608105019292,5.92484864216485,11.));
#4329=CARTESIAN_POINT('Ctrl Pts',(-14.365515482552,6.10806703680681,11.));
#4330=CARTESIAN_POINT('Ctrl Pts',(-14.1508116880661,6.11530343834043,11.));
#4331=CARTESIAN_POINT('Ctrl Pts',(-16.1856690847606,-5.18688741566948,9.00125970344581));
#4332=CARTESIAN_POINT('Ctrl Pts',(-16.1856700560768,-5.16360441646292,9.0012318885889));
#4333=CARTESIAN_POINT('Ctrl Pts',(-16.1856705289958,-5.14034736761435,9.00121834596181));
#4334=CARTESIAN_POINT('Ctrl Pts',(-16.1856705289958,-5.11708988155258,9.00121834596181));
#4335=CARTESIAN_POINT('Ctrl Pts',(-15.8288805359539,-5.17486217313501,9.66750646896388));
#4336=CARTESIAN_POINT('Ctrl Pts',(-15.829007410223,-5.15559503090301,9.66748792572594));
#4337=CARTESIAN_POINT('Ctrl Pts',(-15.8290708645274,-5.13634275573447,9.66747889730787));
#4338=CARTESIAN_POINT('Ctrl Pts',(-15.8290708645274,-5.11708988155258,9.66747889730787));
#4339=CARTESIAN_POINT('Ctrl Pts',(-15.4720919871472,-5.16283693060055,10.3337532344819));
#4340=CARTESIAN_POINT('Ctrl Pts',(-15.4723447643692,-5.1475856453431,10.333743962863));
#4341=CARTESIAN_POINT('Ctrl Pts',(-15.4724712000591,-5.13233814385459,10.3337394486539));
#4342=CARTESIAN_POINT('Ctrl Pts',(-15.4724712000591,-5.11708988155258,10.3337394486539));
#4343=CARTESIAN_POINT('Ctrl Pts',(-15.1153034383404,-5.15081168806608,11.));
#4344=CARTESIAN_POINT('Ctrl Pts',(-15.1156821185154,-5.13957625978319,11.));
#4345=CARTESIAN_POINT('Ctrl Pts',(-15.1158715355908,-5.12833353197471,11.));
#4346=CARTESIAN_POINT('Ctrl Pts',(-15.1158715355908,-5.11708988155258,11.));
#4347=CARTESIAN_POINT('',(-15.1158715355908,-5.11708988155258,11.));
#4348=CARTESIAN_POINT('',(-16.1856705289958,-5.11708988155258,9.00121834596181));
#4349=CARTESIAN_POINT('',(-15.1153034383404,-5.15081168806608,11.));
#4350=CARTESIAN_POINT('',(-15.1153034383404,-5.15081168806608,11.));
#4351=CARTESIAN_POINT('Ctrl Pts',(-15.1153034383404,-5.15081168806608,11.));
#4352=CARTESIAN_POINT('Ctrl Pts',(-15.1156821185154,-5.13957625978319,11.));
#4353=CARTESIAN_POINT('Ctrl Pts',(-15.1158715355908,-5.12833353197471,11.));
#4354=CARTESIAN_POINT('Ctrl Pts',(-15.1158715355908,-5.11708988155258,11.));
#4355=CARTESIAN_POINT('Origin',(-15.6507710322933,-3.75,10.0006091729809));
#4356=CARTESIAN_POINT('',(-15.1158715355908,-3.75,11.));
#4357=CARTESIAN_POINT('Ctrl Pts',(-14.1868874156695,-7.18566908476061,9.00125970344581));
#4358=CARTESIAN_POINT('Ctrl Pts',(-14.6318146718505,-7.1856505267036,9.00179123250772));
#4359=CARTESIAN_POINT('Ctrl Pts',(-15.685683168446,-6.82380303694681,9.0029880909148));
#4360=CARTESIAN_POINT('Ctrl Pts',(-16.1856443406846,-5.78012375724423,9.0019684088617));
#4361=CARTESIAN_POINT('Ctrl Pts',(-16.1856690847606,-5.18688741566948,9.00125970344581));
#4362=CARTESIAN_POINT('Ctrl Pts',(-14.174862173135,-6.82888053595389,9.66750646896388));
#4363=CARTESIAN_POINT('Ctrl Pts',(-14.5430482754177,-6.82645603007134,9.66786082167182));
#4364=CARTESIAN_POINT('Ctrl Pts',(-15.4107256129404,-6.52415157201949,9.66865872727653));
#4365=CARTESIAN_POINT('Ctrl Pts',(-15.8256478614438,-5.66577697617857,9.66797893924113));
#4366=CARTESIAN_POINT('Ctrl Pts',(-15.8288805359539,-5.17486217313501,9.66750646896388));
#4367=CARTESIAN_POINT('Ctrl Pts',(-14.1628369306005,-6.47209198714716,10.3337532344819));
#4368=CARTESIAN_POINT('Ctrl Pts',(-14.4542818789848,-6.46726153343907,10.3339304108359));
#4369=CARTESIAN_POINT('Ctrl Pts',(-15.1357680574348,-6.22450010709217,10.3343293636383));
#4370=CARTESIAN_POINT('Ctrl Pts',(-15.4656513822031,-5.55143019511291,10.3339894696206));
#4371=CARTESIAN_POINT('Ctrl Pts',(-15.4720919871472,-5.16283693060055,10.3337532344819));
#4372=CARTESIAN_POINT('Ctrl Pts',(-14.1508116880661,-6.11530343834043,11.));
#4373=CARTESIAN_POINT('Ctrl Pts',(-14.365515482552,-6.10806703680681,11.));
#4374=CARTESIAN_POINT('Ctrl Pts',(-14.8608105019292,-5.92484864216485,11.));
#4375=CARTESIAN_POINT('Ctrl Pts',(-15.1056549029623,-5.43708341404725,11.));
#4376=CARTESIAN_POINT('Ctrl Pts',(-15.1153034383404,-5.15081168806608,11.));
#4377=CARTESIAN_POINT('Ctrl Pts',(-14.1508116880661,-6.11530343834043,11.));
#4378=CARTESIAN_POINT('Ctrl Pts',(-14.365515482552,-6.10806703680681,11.));
#4379=CARTESIAN_POINT('Ctrl Pts',(-14.8608105019292,-5.92484864216485,11.));
#4380=CARTESIAN_POINT('Ctrl Pts',(-15.1056549029623,-5.43708341404725,11.));
#4381=CARTESIAN_POINT('Ctrl Pts',(-15.1153034383404,-5.15081168806608,11.));
#4382=CARTESIAN_POINT('Origin',(8.25,-6.65077103229327,10.0006091729809));
#4383=CARTESIAN_POINT('',(8.25,-6.11587153559077,11.));
#4384=CARTESIAN_POINT('Ctrl Pts',(16.1856690847606,-5.18688741566948,9.00125970344581));
#4385=CARTESIAN_POINT('Ctrl Pts',(16.1856443406846,-5.78012375724423,9.0019684088617));
#4386=CARTESIAN_POINT('Ctrl Pts',(15.685683168446,-6.82380303694681,9.00298809091479));
#4387=CARTESIAN_POINT('Ctrl Pts',(14.6318146718505,-7.1856505267036,9.00179123250772));
#4388=CARTESIAN_POINT('Ctrl Pts',(14.1868874156695,-7.18566908476061,9.00125970344581));
#4389=CARTESIAN_POINT('Ctrl Pts',(15.8288805359539,-5.17486217313501,9.66750646896388));
#4390=CARTESIAN_POINT('Ctrl Pts',(15.8256478614438,-5.66577697617857,9.66797893924113));
#4391=CARTESIAN_POINT('Ctrl Pts',(15.4107256129404,-6.52415157201949,9.66865872727653));
#4392=CARTESIAN_POINT('Ctrl Pts',(14.5430482754177,-6.82645603007134,9.66786082167182));
#4393=CARTESIAN_POINT('Ctrl Pts',(14.174862173135,-6.82888053595388,9.66750646896388));
#4394=CARTESIAN_POINT('Ctrl Pts',(15.4720919871472,-5.16283693060055,10.3337532344819));
#4395=CARTESIAN_POINT('Ctrl Pts',(15.465651382203,-5.55143019511291,10.3339894696206));
#4396=CARTESIAN_POINT('Ctrl Pts',(15.1357680574348,-6.22450010709217,10.3343293636383));
#4397=CARTESIAN_POINT('Ctrl Pts',(14.4542818789848,-6.46726153343907,10.3339304108359));
#4398=CARTESIAN_POINT('Ctrl Pts',(14.1628369306005,-6.47209198714716,10.3337532344819));
#4399=CARTESIAN_POINT('Ctrl Pts',(15.1153034383404,-5.15081168806608,11.));
#4400=CARTESIAN_POINT('Ctrl Pts',(15.1056549029623,-5.43708341404725,11.));
#4401=CARTESIAN_POINT('Ctrl Pts',(14.8608105019292,-5.92484864216485,11.));
#4402=CARTESIAN_POINT('Ctrl Pts',(14.365515482552,-6.10806703680681,11.));
#4403=CARTESIAN_POINT('Ctrl Pts',(14.1508116880661,-6.11530343834043,11.));
#4404=CARTESIAN_POINT('Ctrl Pts',(15.1153034383404,-5.15081168806608,11.));
#4405=CARTESIAN_POINT('Ctrl Pts',(15.1056549029623,-5.43708341404725,11.));
#4406=CARTESIAN_POINT('Ctrl Pts',(14.8608105019292,-5.92484864216485,11.));
#4407=CARTESIAN_POINT('Ctrl Pts',(14.365515482552,-6.10806703680681,11.));
#4408=CARTESIAN_POINT('Ctrl Pts',(14.1508116880661,-6.11530343834043,11.));
#4409=CARTESIAN_POINT('Origin',(15.6507710322933,3.75,10.0006091729809));
#4410=CARTESIAN_POINT('',(15.1158715355908,3.75,11.));
#4411=CARTESIAN_POINT('Origin',(0.,1.11022302462516E-15,11.));
#4412=CARTESIAN_POINT('Origin',(-13.,-4.,4.6));
#4413=CARTESIAN_POINT('',(-14.,-4.,6.1));
#4414=CARTESIAN_POINT('Origin',(-13.,-4.,6.1));
#4415=CARTESIAN_POINT('',(-14.,-4.,4.6));
#4416=CARTESIAN_POINT('',(-14.,-4.,4.6));
#4417=CARTESIAN_POINT('Origin',(-13.,-4.,4.6));
#4418=CARTESIAN_POINT('Origin',(-13.,4.,4.6));
#4419=CARTESIAN_POINT('',(-14.,4.,6.1));
#4420=CARTESIAN_POINT('Origin',(-13.,4.,6.1));
#4421=CARTESIAN_POINT('',(-14.,4.,4.6));
#4422=CARTESIAN_POINT('',(-14.,4.,4.6));
#4423=CARTESIAN_POINT('Origin',(-13.,4.,4.6));
#4424=CARTESIAN_POINT('Origin',(13.,4.,4.6));
#4425=CARTESIAN_POINT('',(12.,4.,6.1));
#4426=CARTESIAN_POINT('Origin',(13.,4.,6.1));
#4427=CARTESIAN_POINT('',(12.,4.,4.6));
#4428=CARTESIAN_POINT('',(12.,4.,4.6));
#4429=CARTESIAN_POINT('Origin',(13.,4.,4.6));
#4430=CARTESIAN_POINT('Origin',(13.,-4.,4.6));
#4431=CARTESIAN_POINT('',(12.,-4.,6.1));
#4432=CARTESIAN_POINT('Origin',(13.,-4.,6.1));
#4433=CARTESIAN_POINT('',(12.,-4.,4.6));
#4434=CARTESIAN_POINT('',(12.,-4.,4.6));
#4435=CARTESIAN_POINT('Origin',(13.,-4.,4.6));
#4436=CARTESIAN_POINT('Origin',(-14.2987809114024,5.29878091140236,4.6));
#4437=CARTESIAN_POINT('',(-14.2987809114024,-5.29878091140236,4.6));
#4438=CARTESIAN_POINT('',(-14.2987809114024,5.29878091140236,4.6));
#4439=CARTESIAN_POINT('',(-14.2987809114024,-5.29878091140236,4.6));
#4440=CARTESIAN_POINT('',(-14.2987809114024,-5.29878091140236,6.1));
#4441=CARTESIAN_POINT('',(-14.2987809114024,-5.29878091140236,4.6));
#4442=CARTESIAN_POINT('',(-14.2987809114024,5.29878091140236,6.1));
#4443=CARTESIAN_POINT('',(-14.2987809114024,-5.29878091140236,6.1));
#4444=CARTESIAN_POINT('',(-14.2987809114024,5.29878091140236,4.6));
#4445=CARTESIAN_POINT('Origin',(14.2987809114024,5.29878091140236,4.6));
#4446=CARTESIAN_POINT('',(14.2987809114024,5.29878091140236,4.6));
#4447=CARTESIAN_POINT('',(-14.2987809114024,5.29878091140236,4.6));
#4448=CARTESIAN_POINT('',(14.2987809114024,5.29878091140236,6.1));
#4449=CARTESIAN_POINT('',(-14.2987809114024,5.29878091140236,6.1));
#4450=CARTESIAN_POINT('',(14.2987809114024,5.29878091140236,4.6));
#4451=CARTESIAN_POINT('Origin',(14.2987809114024,-5.29878091140236,4.6));
#4452=CARTESIAN_POINT('',(14.2987809114024,-5.29878091140236,4.6));
#4453=CARTESIAN_POINT('',(14.2987809114024,5.29878091140236,4.6));
#4454=CARTESIAN_POINT('',(14.2987809114024,-5.29878091140236,6.1));
#4455=CARTESIAN_POINT('',(14.2987809114024,5.29878091140236,6.1));
#4456=CARTESIAN_POINT('',(14.2987809114024,-5.29878091140236,4.6));
#4457=CARTESIAN_POINT('Origin',(-14.2987809114024,-5.29878091140236,4.6));
#4458=CARTESIAN_POINT('',(14.2987809114024,-5.29878091140236,4.6));
#4459=CARTESIAN_POINT('',(14.2987809114024,-5.29878091140236,6.1));
#4460=CARTESIAN_POINT('Origin',(0.,1.11022302462516E-15,4.6));
#4461=CARTESIAN_POINT('Origin',(0.,1.11022302462516E-15,6.1));
#4462=CARTESIAN_POINT('Origin',(-1.1,0.,11.));
#4463=CARTESIAN_POINT('',(-1.1,0.,11.));
#4464=CARTESIAN_POINT('Origin',(-5.,0.,11.));
#4465=CARTESIAN_POINT('Ctrl Pts',(-5.,0.,12.5));
#4466=CARTESIAN_POINT('Ctrl Pts',(-5.,0.,12.5));
#4467=CARTESIAN_POINT('Ctrl Pts',(-5.,0.,12.5));
#4468=CARTESIAN_POINT('Ctrl Pts',(-5.,0.,12.5));
#4469=CARTESIAN_POINT('Ctrl Pts',(-5.,0.,12.5));
#4470=CARTESIAN_POINT('Ctrl Pts',(-5.,0.,12.5));
#4471=CARTESIAN_POINT('Ctrl Pts',(-5.,0.,12.5));
#4472=CARTESIAN_POINT('Ctrl Pts',(-5.,0.,12.5));
#4473=CARTESIAN_POINT('Ctrl Pts',(-5.,0.,12.5));
#4474=CARTESIAN_POINT('Ctrl Pts',(-1.1,0.,12.5));
#4475=CARTESIAN_POINT('Ctrl Pts',(-1.1,3.9,12.5));
#4476=CARTESIAN_POINT('Ctrl Pts',(-5.,3.9,12.5));
#4477=CARTESIAN_POINT('Ctrl Pts',(-8.9,3.9,12.5));
#4478=CARTESIAN_POINT('Ctrl Pts',(-8.9,0.,12.5));
#4479=CARTESIAN_POINT('Ctrl Pts',(-8.9,-3.9,12.5));
#4480=CARTESIAN_POINT('Ctrl Pts',(-5.,-3.9,12.5));
#4481=CARTESIAN_POINT('Ctrl Pts',(-1.1,-3.9,12.5));
#4482=CARTESIAN_POINT('Ctrl Pts',(-1.1,0.,12.5));
#4483=CARTESIAN_POINT('Ctrl Pts',(-1.1,0.,11.));
#4484=CARTESIAN_POINT('Ctrl Pts',(-1.1,3.9,11.));
#4485=CARTESIAN_POINT('Ctrl Pts',(-5.,3.9,11.));
#4486=CARTESIAN_POINT('Ctrl Pts',(-8.9,3.9,11.));
#4487=CARTESIAN_POINT('Ctrl Pts',(-8.9,0.,11.));
#4488=CARTESIAN_POINT('Ctrl Pts',(-8.9,-3.9,11.));
#4489=CARTESIAN_POINT('Ctrl Pts',(-5.,-3.9,11.));
#4490=CARTESIAN_POINT('Ctrl Pts',(-1.1,-3.9,11.));
#4491=CARTESIAN_POINT('Ctrl Pts',(-1.1,0.,11.));
#4492=CARTESIAN_POINT('',(-5.,0.,12.5));
#4493=CARTESIAN_POINT('Origin',(-5.,0.,11.));
#4494=CARTESIAN_POINT('Origin',(9.5,0.,13.5));
#4495=CARTESIAN_POINT('',(9.5,0.,13.5));
#4496=CARTESIAN_POINT('Origin',(5.,0.,13.5));
#4497=CARTESIAN_POINT('Ctrl Pts',(5.,0.,16.));
#4498=CARTESIAN_POINT('Ctrl Pts',(5.,5.55111512312578E-16,16.));
#4499=CARTESIAN_POINT('Ctrl Pts',(5.,5.55111512312578E-16,16.));
#4500=CARTESIAN_POINT('Ctrl Pts',(5.,5.55111512312578E-16,16.));
#4501=CARTESIAN_POINT('Ctrl Pts',(5.,0.,16.));
#4502=CARTESIAN_POINT('Ctrl Pts',(5.,-5.55111512312578E-16,16.));
#4503=CARTESIAN_POINT('Ctrl Pts',(5.,-5.55111512312578E-16,16.));
#4504=CARTESIAN_POINT('Ctrl Pts',(5.,-5.55111512312578E-16,16.));
#4505=CARTESIAN_POINT('Ctrl Pts',(5.,0.,16.));
#4506=CARTESIAN_POINT('Ctrl Pts',(9.5,0.,16.));
#4507=CARTESIAN_POINT('Ctrl Pts',(9.5,4.5,16.));
#4508=CARTESIAN_POINT('Ctrl Pts',(5.,4.5,16.));
#4509=CARTESIAN_POINT('Ctrl Pts',(0.5,4.5,16.));
#4510=CARTESIAN_POINT('Ctrl Pts',(0.499999999999999,0.,16.));
#4511=CARTESIAN_POINT('Ctrl Pts',(0.5,-4.5,16.));
#4512=CARTESIAN_POINT('Ctrl Pts',(5.,-4.5,16.));
#4513=CARTESIAN_POINT('Ctrl Pts',(9.5,-4.5,16.));
#4514=CARTESIAN_POINT('Ctrl Pts',(9.5,0.,16.));
#4515=CARTESIAN_POINT('Ctrl Pts',(9.5,0.,13.5));
#4516=CARTESIAN_POINT('Ctrl Pts',(9.5,4.5,13.5));
#4517=CARTESIAN_POINT('Ctrl Pts',(5.,4.5,13.5));
#4518=CARTESIAN_POINT('Ctrl Pts',(0.5,4.5,13.5));
#4519=CARTESIAN_POINT('Ctrl Pts',(0.499999999999999,0.,13.5));
#4520=CARTESIAN_POINT('Ctrl Pts',(0.5,-4.5,13.5));
#4521=CARTESIAN_POINT('Ctrl Pts',(5.,-4.5,13.5));
#4522=CARTESIAN_POINT('Ctrl Pts',(9.5,-4.5,13.5));
#4523=CARTESIAN_POINT('Ctrl Pts',(9.5,0.,13.5));
#4524=CARTESIAN_POINT('',(5.,0.,16.));
#4525=CARTESIAN_POINT('Origin',(5.,0.,13.5));
#4526=CARTESIAN_POINT('Origin',(5.0739,-3.61176530214472,-11.966472264524));
#4527=CARTESIAN_POINT('',(-1.2504,-3.13272259558235,1.7515160139296));
#4528=CARTESIAN_POINT('',(-1.2504,-3.14668239426335,1.35175968312197));
#4529=CARTESIAN_POINT('',(-1.25040000000001,-3.37922384820404,-5.307356290701));
#4530=CARTESIAN_POINT('',(-2.0504,-3.13272259558235,1.7515160139296));
#4531=CARTESIAN_POINT('',(1.91175,-3.13272259558235,1.7515160139296));
#4532=CARTESIAN_POINT('',(-2.0504,-3.17460199162535,0.552247021506688));
#4533=CARTESIAN_POINT('',(-2.0504,-3.37224394886354,-5.10747812529718));
#4534=CARTESIAN_POINT('',(2.0504,-3.17460199162535,0.552247021506686));
#4535=CARTESIAN_POINT('',(1.51175,-3.17460199162535,0.552247021506686));
#4536=CARTESIAN_POINT('',(2.0504,-3.13272259558235,1.7515160139296));
#4537=CARTESIAN_POINT('',(2.0504,-3.39318364688504,-5.70711262150864));
#4538=CARTESIAN_POINT('',(1.25039999999999,-3.13272259558235,1.7515160139296));
#4539=CARTESIAN_POINT('',(3.56215,-3.13272259558235,1.7515160139296));
#4540=CARTESIAN_POINT('',(1.25039999999999,-3.14668239426335,1.35175968312197));
#4541=CARTESIAN_POINT('',(1.25039999999998,-3.37224394886354,-5.10747812529718));
#4542=CARTESIAN_POINT('',(3.16215,-3.14668239426335,1.35175968312197));
#4543=CARTESIAN_POINT('Origin',(5.0739,-3.61176530214472,-11.966472264524));
#4544=CARTESIAN_POINT('',(-3.3504,-3.13272259558235,1.7515160139296));
#4545=CARTESIAN_POINT('',(-3.3504,-3.06292360217735,3.75029766796779));
#4546=CARTESIAN_POINT('',(-3.3504,-3.33734445216104,-4.10808729827809));
#4547=CARTESIAN_POINT('',(-2.8504,-3.13272259558235,1.7515160139296));
#4548=CARTESIAN_POINT('',(0.861749999999999,-3.13272259558235,1.7515160139296));
#4549=CARTESIAN_POINT('',(-2.8504,-3.1222527465716,2.05133326203533));
#4550=CARTESIAN_POINT('',(-2.8504,-3.37224394886354,-5.10747812529718));
#4551=CARTESIAN_POINT('',(2.8504,-3.1222527465716,2.05133326203533));
#4552=CARTESIAN_POINT('',(1.11175,-3.1222527465716,2.05133326203533));
#4553=CARTESIAN_POINT('',(2.8504,-3.13272259558235,1.7515160139296));
#4554=CARTESIAN_POINT('',(2.8504,-3.36700902435816,-4.95756950124432));
#4555=CARTESIAN_POINT('',(3.3504,-3.13272259558235,1.7515160139296));
#4556=CARTESIAN_POINT('',(3.96215,-3.13272259558235,1.7515160139296));
#4557=CARTESIAN_POINT('',(3.3504,-3.06292360217735,3.75029766796779));
#4558=CARTESIAN_POINT('',(3.3504,-3.37224394886354,-5.10747812529718));
#4559=CARTESIAN_POINT('',(4.21215,-3.06292360217734,3.75029766796779));
#4560=CARTESIAN_POINT('Origin',(2.0504,-7.47198254780747,0.702314857327439));
#4561=CARTESIAN_POINT('',(2.0504,-7.47198254780747,0.702314857327439));
#4562=CARTESIAN_POINT('',(2.0504,-7.47198254780747,0.702314857327439));
#4563=CARTESIAN_POINT('',(2.0504,-7.43010315176446,1.90158384975036));
#4564=CARTESIAN_POINT('',(2.0504,-7.47198254780747,0.702314857327439));
#4565=CARTESIAN_POINT('',(2.0504,-7.43010315176446,1.90158384975036));
#4566=CARTESIAN_POINT('Origin',(-2.0504,-7.47198254780747,0.702314857327442));
#4567=CARTESIAN_POINT('',(-2.0504,-7.47198254780747,0.702314857327442));
#4568=CARTESIAN_POINT('',(-2.0504,-7.47198254780747,0.702314857327442));
#4569=CARTESIAN_POINT('',(-2.0504,-7.47198254780747,0.702314857327442));
#4570=CARTESIAN_POINT('Origin',(-2.0504,-7.43010315176446,1.90158384975035));
#4571=CARTESIAN_POINT('',(-2.0504,-7.43010315176446,1.90158384975035));
#4572=CARTESIAN_POINT('',(-2.0504,-7.43010315176446,1.90158384975035));
#4573=CARTESIAN_POINT('',(-2.0504,-7.43010315176446,1.90158384975035));
#4574=CARTESIAN_POINT('Origin',(-1.2504,-7.43010315176446,1.90158384975035));
#4575=CARTESIAN_POINT('',(-1.2504,-7.43010315176446,1.90158384975035));
#4576=CARTESIAN_POINT('',(-1.2504,-7.43010315176446,1.90158384975035));
#4577=CARTESIAN_POINT('',(-1.2504,-7.43010315176446,1.90158384975035));
#4578=CARTESIAN_POINT('Origin',(2.8504,-7.41963330275371,2.20140109785608));
#4579=CARTESIAN_POINT('',(2.8504,-7.41963330275371,2.20140109785608));
#4580=CARTESIAN_POINT('',(2.8504,-7.41963330275371,2.20140109785608));
#4581=CARTESIAN_POINT('',(2.8504,-7.43010315176446,1.90158384975035));
#4582=CARTESIAN_POINT('',(2.8504,-7.41963330275371,2.20140109785608));
#4583=CARTESIAN_POINT('',(2.8504,-7.43010315176446,1.90158384975035));
#4584=CARTESIAN_POINT('Origin',(-2.8504,-7.41963330275371,2.20140109785608));
#4585=CARTESIAN_POINT('',(-2.8504,-7.41963330275371,2.20140109785608));
#4586=CARTESIAN_POINT('',(-2.8504,-7.41963330275371,2.20140109785608));
#4587=CARTESIAN_POINT('',(-2.8504,-7.41963330275371,2.20140109785608));
#4588=CARTESIAN_POINT('Origin',(-2.8504,-7.43010315176446,1.90158384975035));
#4589=CARTESIAN_POINT('',(-2.8504,-7.43010315176446,1.90158384975035));
#4590=CARTESIAN_POINT('',(-2.8504,-7.43010315176446,1.90158384975035));
#4591=CARTESIAN_POINT('',(-2.8504,-7.43010315176446,1.90158384975035));
#4592=CARTESIAN_POINT('Origin',(-3.3504,-7.43010315176446,1.90158384975035));
#4593=CARTESIAN_POINT('',(-3.3504,-7.43010315176446,1.90158384975035));
#4594=CARTESIAN_POINT('',(-3.3504,-7.43010315176446,1.90158384975035));
#4595=CARTESIAN_POINT('',(-3.3504,-7.43010315176446,1.90158384975035));
#4596=CARTESIAN_POINT('Origin',(-3.3504,-7.36030415835946,3.90036550378854));
#4597=CARTESIAN_POINT('',(-3.3504,-7.36030415835946,3.90036550378854));
#4598=CARTESIAN_POINT('',(-3.3504,-7.36030415835946,3.90036550378854));
#4599=CARTESIAN_POINT('',(-3.3504,-7.36030415835946,3.90036550378854));
#4600=CARTESIAN_POINT('Origin',(3.3504,-7.36030415835946,3.90036550378854));
#4601=CARTESIAN_POINT('',(3.3504,-7.36030415835946,3.90036550378854));
#4602=CARTESIAN_POINT('',(3.3504,-7.36030415835946,3.90036550378854));
#4603=CARTESIAN_POINT('',(3.3504,-7.36030415835946,3.90036550378854));
#4604=CARTESIAN_POINT('Origin',(3.3504,-7.43010315176446,1.90158384975035));
#4605=CARTESIAN_POINT('',(3.3504,-7.43010315176446,1.90158384975035));
#4606=CARTESIAN_POINT('',(3.3504,-7.43010315176446,1.90158384975035));
#4607=CARTESIAN_POINT('',(3.3504,-7.43010315176446,1.90158384975035));
#4608=CARTESIAN_POINT('Origin',(2.8504,-7.43010315176446,1.90158384975035));
#4609=CARTESIAN_POINT('',(2.8504,-7.43010315176446,1.90158384975035));
#4610=CARTESIAN_POINT('Origin',(-1.2504,-7.44406295044546,1.50182751894272));
#4611=CARTESIAN_POINT('',(-1.2504,-7.44406295044546,1.50182751894272));
#4612=CARTESIAN_POINT('',(-1.2504,-7.44406295044546,1.50182751894272));
#4613=CARTESIAN_POINT('',(-1.2504,-7.44406295044546,1.50182751894272));
#4614=CARTESIAN_POINT('Origin',(1.25039999999999,-7.44406295044546,1.50182751894272));
#4615=CARTESIAN_POINT('',(1.25039999999999,-7.44406295044546,1.50182751894272));
#4616=CARTESIAN_POINT('',(1.25039999999999,-7.44406295044546,1.50182751894272));
#4617=CARTESIAN_POINT('',(1.25039999999999,-7.44406295044546,1.50182751894272));
#4618=CARTESIAN_POINT('Origin',(1.25039999999999,-7.43010315176446,1.90158384975036));
#4619=CARTESIAN_POINT('',(1.25039999999999,-7.43010315176446,1.90158384975036));
#4620=CARTESIAN_POINT('',(1.25039999999999,-7.43010315176446,1.90158384975036));
#4621=CARTESIAN_POINT('',(1.25039999999999,-7.43010315176446,1.90158384975036));
#4622=CARTESIAN_POINT('Origin',(2.0504,-7.43010315176446,1.90158384975036));
#4623=CARTESIAN_POINT('',(2.0504,-7.43010315176446,1.90158384975036));
#4624=CARTESIAN_POINT('Origin',(-3.9504,-7.33936446033796,4.5));
#4625=CARTESIAN_POINT('',(-3.9504,-2.04259307713675,4.31503266747674));
#4626=CARTESIAN_POINT('',(3.9504,-2.04259307713675,4.31503266747674));
#4627=CARTESIAN_POINT('',(0.561749999999999,-2.04259307713675,4.31503266747674));
#4628=CARTESIAN_POINT('',(-3.9504,-7.33936446033796,4.5));
#4629=CARTESIAN_POINT('',(-3.9504,-7.33936446033796,4.5));
#4630=CARTESIAN_POINT('',(3.9504,-7.33936446033796,4.5));
#4631=CARTESIAN_POINT('',(-3.9504,-7.33936446033796,4.5));
#4632=CARTESIAN_POINT('',(3.9504,-7.33936446033796,4.5));
#4633=CARTESIAN_POINT('Origin',(-3.9504,-7.49119821069187,0.152050267970724));
#4634=CARTESIAN_POINT('',(-3.9504,-2.19442682749065,-0.0329170645525327));
#4635=CARTESIAN_POINT('',(-3.9504,-2.40296789754903,-6.00475196663446));
#4636=CARTESIAN_POINT('',(-3.9504,-7.49119821069187,0.152050267970724));
#4637=CARTESIAN_POINT('',(-3.9504,-7.49119821069187,0.152050267970724));
#4638=CARTESIAN_POINT('',(-3.9504,-7.49119821069187,0.152050267970724));
#4639=CARTESIAN_POINT('Origin',(3.9504,-7.49119821069187,0.152050267970724));
#4640=CARTESIAN_POINT('',(3.9504,-2.19442682749065,-0.0329170645525321));
#4641=CARTESIAN_POINT('',(4.51215,-2.19442682749065,-0.032917064552532));
#4642=CARTESIAN_POINT('',(3.9504,-7.49119821069187,0.152050267970724));
#4643=CARTESIAN_POINT('',(3.9504,-7.49119821069187,0.152050267970724));
#4644=CARTESIAN_POINT('',(3.9504,-7.49119821069187,0.152050267970724));
#4645=CARTESIAN_POINT('Origin',(3.9504,-7.33936446033796,4.5));
#4646=CARTESIAN_POINT('',(3.9504,-2.32705102237208,-3.83077710061983));
#4647=CARTESIAN_POINT('',(3.9504,-7.33936446033796,4.5));
#4648=CARTESIAN_POINT('Origin',(-2.62665,-7.63940764831321,-4.09211272667263));
#4649=CARTESIAN_POINT('Origin',(5.0739,-2.61150896760741,-11.9765868687164));
#4650=UNCERTAINTY_MEASURE_WITH_UNIT(LENGTH_MEASURE(0.01),#4654,
'DISTANCE_ACCURACY_VALUE',
'Maximum model space distance between geometric entities at asserted c
onnectivities');
#4651=UNCERTAINTY_MEASURE_WITH_UNIT(LENGTH_MEASURE(0.01),#4654,
'DISTANCE_ACCURACY_VALUE',
'Maximum model space distance between geometric entities at asserted c
onnectivities');
#4652=(
GEOMETRIC_REPRESENTATION_CONTEXT(3)
GLOBAL_UNCERTAINTY_ASSIGNED_CONTEXT((#4650))
GLOBAL_UNIT_ASSIGNED_CONTEXT((#4654,#4656,#4657))
REPRESENTATION_CONTEXT('','3D')
);
#4653=(
GEOMETRIC_REPRESENTATION_CONTEXT(3)
GLOBAL_UNCERTAINTY_ASSIGNED_CONTEXT((#4651))
GLOBAL_UNIT_ASSIGNED_CONTEXT((#4654,#4656,#4657))
REPRESENTATION_CONTEXT('','3D')
);
#4654=(
LENGTH_UNIT()
NAMED_UNIT(*)
SI_UNIT(.MILLI.,.METRE.)
);
#4655=(
LENGTH_UNIT()
NAMED_UNIT(*)
SI_UNIT($,.METRE.)
);
#4656=(
NAMED_UNIT(*)
PLANE_ANGLE_UNIT()
SI_UNIT($,.RADIAN.)
);
#4657=(
NAMED_UNIT(*)
SI_UNIT($,.STERADIAN.)
SOLID_ANGLE_UNIT()
);
#4658=SHAPE_DEFINITION_REPRESENTATION(#4659,#4660);
#4659=PRODUCT_DEFINITION_SHAPE('',$,#4662);
#4660=SHAPE_REPRESENTATION('',(#2340),#4652);
#4661=PRODUCT_DEFINITION_CONTEXT('part definition',#4666,'design');
#4662=PRODUCT_DEFINITION('TFmini-S','TFmini-S v1',#4663,#4661);
#4663=PRODUCT_DEFINITION_FORMATION('',$,#4668);
#4664=PRODUCT_RELATED_PRODUCT_CATEGORY('TFmini-S v1','TFmini-S v1',(#4668));
#4665=APPLICATION_PROTOCOL_DEFINITION('international standard',
'automotive_design',2009,#4666);
#4666=APPLICATION_CONTEXT(
'Core Data for Automotive Mechanical Design Process');
#4667=PRODUCT_CONTEXT('part definition',#4666,'mechanical');
#4668=PRODUCT('TFmini-S','TFmini-S v1',$,(#4667));
#4669=PRESENTATION_STYLE_ASSIGNMENT((#4674));
#4670=PRESENTATION_STYLE_ASSIGNMENT((#4675));
#4671=PRESENTATION_STYLE_ASSIGNMENT((#4676));
#4672=PRESENTATION_STYLE_ASSIGNMENT((#4677));
#4673=PRESENTATION_STYLE_ASSIGNMENT((#4678));
#4674=SURFACE_STYLE_USAGE(.BOTH.,#4679);
#4675=SURFACE_STYLE_USAGE(.BOTH.,#4680);
#4676=SURFACE_STYLE_USAGE(.BOTH.,#4681);
#4677=SURFACE_STYLE_USAGE(.BOTH.,#4682);
#4678=SURFACE_STYLE_USAGE(.BOTH.,#4683);
#4679=SURFACE_SIDE_STYLE('',(#4684));
#4680=SURFACE_SIDE_STYLE('',(#4685));
#4681=SURFACE_SIDE_STYLE('',(#4686));
#4682=SURFACE_SIDE_STYLE('',(#4687));
#4683=SURFACE_SIDE_STYLE('',(#4688));
#4684=SURFACE_STYLE_FILL_AREA(#4689);
#4685=SURFACE_STYLE_FILL_AREA(#4690);
#4686=SURFACE_STYLE_FILL_AREA(#4691);
#4687=SURFACE_STYLE_FILL_AREA(#4692);
#4688=SURFACE_STYLE_FILL_AREA(#4693);
#4689=FILL_AREA_STYLE('ABS (White)',(#4694));
#4690=FILL_AREA_STYLE('Plastic - Glossy (Black)',(#4695));
#4691=FILL_AREA_STYLE('FR4',(#4696));
#4692=FILL_AREA_STYLE('Glass - Heavy Color (Blue)',(#4697));
#4693=FILL_AREA_STYLE('ABS (White)',(#4698));
#4694=FILL_AREA_STYLE_COLOUR('ABS (White)',#4699);
#4695=FILL_AREA_STYLE_COLOUR('Plastic - Glossy (Black)',#4700);
#4696=FILL_AREA_STYLE_COLOUR('FR4',#4701);
#4697=FILL_AREA_STYLE_COLOUR('Glass - Heavy Color (Blue)',#4702);
#4698=FILL_AREA_STYLE_COLOUR('ABS (White)',#4703);
#4699=COLOUR_RGB('ABS (White)',0.964705882352941,0.964705882352941,0.952941176470588);
#4700=COLOUR_RGB('Plastic - Glossy (Black)',0.0980392156862745,0.0980392156862745,
0.0980392156862745);
#4701=COLOUR_RGB('FR4',0.266666666666667,0.466666666666667,0.4);
#4702=COLOUR_RGB('Glass - Heavy Color (Blue)',0.423529411764706,0.768627450980392,
0.854901960784314);
#4703=COLOUR_RGB('ABS (White)',0.964705882352941,0.964705882352941,0.952941176470588);
ENDSEC;
END-ISO-10303-21;
